,pclass,survived,sex,age,sibsp,parch,fare,embarked
0,3,-1,0,24.0,0,0,7.05,2
1,3,-1,0,25.0,0,0,7.05,2
2,3,-1,0,35.0,0,0,8.05,2
3,3,-1,0,18.0,0,0,8.3,2
4,3,-1,1,19.0,1,0,7.8542,2
5,3,-1,0,32.0,0,0,22.525,2
6,1,-1,0,24.0,0,1,247.5208,0
7,1,-1,1,50.0,0,1,247.5208,0
8,2,-1,0,1.0,2,1,39.0,2
9,2,-1,1,4.0,2,1,39.0,2
10,2,-1,1,12.0,2,1,39.0,2
11,2,-1,1,36.0,0,3,39.0,2
12,2,-1,0,34.0,0,0,13.0,2
13,2,-1,1,19.0,0,0,13.0,2
14,2,-1,0,23.0,0,0,13.0,2
15,2,-1,0,26.0,0,0,13.0,2
16,2,-1,0,42.0,0,0,13.0,2
17,2,-1,0,27.0,0,0,13.0,2
18,3,-1,0,1.0,1,2,20.575,2
19,1,-1,0,53.0,1,1,81.8583,2
20,1,-1,0,4.0,0,2,81.8583,2
21,1,-1,1,54.0,1,1,81.8583,2
22,3,-1,0,40.5,0,0,15.1,2
23,1,-1,1,24.0,3,2,263.0,2
24,1,-1,1,28.0,3,2,263.0,2
25,1,-1,1,23.0,3,2,263.0,2
26,1,-1,0,19.0,3,2,263.0,2
27,1,-1,0,64.0,1,4,263.0,2
28,1,-1,1,60.0,1,4,263.0,2
29,2,-1,0,24.0,2,0,73.5,2
30,2,-1,0,32.0,2,0,73.5,2
31,2,-1,0,21.0,2,0,73.5,2
32,2,-1,1,18.0,1,1,13.0,2
33,2,-1,1,20.0,2,1,23.0,2
34,2,-1,0,23.0,2,1,11.5,2
35,2,-1,0,36.0,0,0,13.0,2
36,2,-1,1,54.0,1,3,23.0,2
37,2,-1,0,1.0,0,2,37.0042,0
38,2,-1,0,31.0,1,1,37.0042,0
39,2,-1,1,24.0,1,1,37.0042,0
40,1,-1,0,62.0,0,0,26.55,2
41,1,-1,1,36.0,0,0,135.6333,0
42,1,1,1,29.0,0,0,211.3375,2
43,1,1,0,0.9167,1,2,151.55,2
44,1,0,1,2.0,1,2,151.55,2
45,1,0,0,30.0,1,2,151.55,2
46,1,0,1,25.0,1,2,151.55,2
47,1,1,0,48.0,0,0,26.55,2
48,1,1,1,63.0,1,0,77.9583,2
49,1,0,0,39.0,0,0,0.0,2
50,1,1,1,53.0,2,0,51.4792,2
51,1,0,0,71.0,0,0,49.5042,0
52,1,0,0,47.0,1,0,227.525,0
53,1,1,1,18.0,1,0,227.525,0
54,1,1,1,24.0,0,0,69.3,0
55,1,1,1,26.0,0,0,78.85,2
56,1,1,0,80.0,0,0,30.0,2
58,1,1,1,32.0,0,0,76.2917,0
59,1,0,0,36.0,0,0,75.2417,0
60,1,1,0,37.0,1,1,52.5542,2
61,1,1,1,47.0,1,1,52.5542,2
62,1,1,0,26.0,0,0,30.0,0
63,1,1,1,42.0,0,0,227.525,0
64,1,1,1,29.0,0,0,221.7792,2
65,1,0,0,25.0,0,0,26.0,0
66,1,1,0,25.0,1,0,91.0792,0
67,1,1,1,19.0,1,0,91.0792,0
68,1,1,1,35.0,0,0,135.6333,2
69,1,1,0,28.0,0,0,26.55,2
70,1,0,0,45.0,0,0,35.5,2
71,1,1,0,40.0,0,0,31.0,0
72,1,1,1,30.0,0,0,164.8667,2
73,1,1,1,58.0,0,0,26.55,2
74,1,0,0,42.0,0,0,26.55,2
75,1,1,1,45.0,0,0,262.375,0
76,1,1,1,22.0,0,1,55.0,2
78,1,0,0,41.0,0,0,30.5,2
79,1,0,0,48.0,0,0,50.4958,0
81,1,1,1,44.0,0,0,27.7208,0
82,1,1,1,59.0,2,0,51.4792,2
83,1,1,1,60.0,0,0,76.2917,0
84,1,1,1,41.0,0,0,134.5,0
85,1,0,0,45.0,0,0,26.55,2
87,1,1,0,42.0,0,0,26.2875,2
88,1,1,1,53.0,0,0,27.4458,0
89,1,1,0,36.0,0,1,512.3292,0
90,1,1,1,58.0,0,1,512.3292,0
91,1,0,0,33.0,0,0,5.0,2
92,1,0,0,28.0,0,0,47.1,2
93,1,0,0,17.0,0,0,47.1,2
94,1,1,0,11.0,1,2,120.0,2
95,1,1,1,14.0,1,2,120.0,2
96,1,1,0,36.0,1,2,120.0,2
97,1,1,1,36.0,1,2,120.0,2
98,1,0,0,49.0,0,0,26.0,2
100,1,0,0,36.0,1,0,78.85,2
101,1,1,1,76.0,1,0,78.85,2
102,1,0,0,46.0,1,0,61.175,2
103,1,1,1,47.0,1,0,61.175,2
104,1,1,0,27.0,1,0,53.1,2
105,1,1,1,33.0,1,0,53.1,2
106,1,1,1,36.0,0,0,262.375,0
107,1,1,1,30.0,0,0,86.5,2
108,1,1,0,45.0,0,0,29.7,0
111,1,0,0,27.0,1,0,136.7792,0
112,1,1,1,26.0,1,0,136.7792,0
113,1,1,1,22.0,0,0,151.55,2
115,1,0,0,47.0,0,0,25.5875,2
116,1,1,1,39.0,1,1,83.1583,0
117,1,0,0,37.0,1,1,83.1583,0
118,1,1,1,64.0,0,2,83.1583,0
119,1,1,1,55.0,2,0,25.7,2
121,1,0,0,70.0,1,1,71.0,2
122,1,1,1,36.0,0,2,71.0,2
123,1,1,1,64.0,1,1,26.55,2
124,1,0,0,39.0,1,0,71.2833,0
125,1,1,1,38.0,1,0,71.2833,0
126,1,1,0,51.0,0,0,26.55,2
127,1,1,0,27.0,0,0,30.5,2
128,1,1,1,33.0,0,0,151.55,2
129,1,0,0,31.0,1,0,52.0,2
130,1,1,1,27.0,1,2,52.0,2
131,1,1,0,31.0,1,0,57.0,2
132,1,1,1,17.0,1,0,57.0,2
133,1,0,0,50.0,1,0,106.425,0
134,1,1,1,27.0,1,1,247.5208,0
135,1,1,1,48.0,1,0,106.425,0
136,1,1,1,48.0,1,0,39.6,0
137,1,1,0,49.0,1,0,56.9292,0
138,1,0,0,39.0,0,0,29.7,0
139,1,1,1,23.0,0,1,83.1583,0
140,1,1,1,38.0,0,0,227.525,0
141,1,1,1,54.0,1,0,78.2667,0
142,1,0,1,36.0,0,0,31.6792,0
146,1,1,0,36.0,0,0,26.3875,2
147,1,0,0,30.0,0,0,27.75,0
148,1,1,1,30.0,0,0,56.9292,0
150,1,1,0,50.0,2,0,133.65,2
151,1,1,0,43.0,1,0,27.7208,0
153,1,1,1,22.0,0,2,49.5,0
154,1,1,0,60.0,1,1,79.2,0
155,1,1,1,48.0,1,1,79.2,0
157,1,0,0,37.0,1,0,53.1,2
158,1,1,1,35.0,1,0,53.1,2
159,1,0,0,47.0,0,0,38.5,2
160,1,1,1,35.0,0,0,211.5,0
161,1,1,1,22.0,0,1,59.4,0
162,1,1,1,45.0,0,1,59.4,0
163,1,0,0,24.0,0,0,79.2,0
164,1,1,0,49.0,1,0,89.1042,0
166,1,0,0,71.0,0,0,34.6542,0
167,1,1,0,53.0,0,0,28.5,0
168,1,1,1,19.0,0,0,30.0,2
169,1,0,0,38.0,0,1,153.4625,2
170,1,1,1,58.0,0,1,153.4625,2
171,1,1,0,23.0,0,1,63.3583,0
172,1,1,1,45.0,0,1,63.3583,0
173,1,0,0,46.0,0,0,79.2,0
174,1,1,0,25.0,1,0,55.4417,0
175,1,1,1,25.0,1,0,55.4417,0
176,1,1,0,48.0,1,0,76.7292,0
177,1,1,1,49.0,1,0,76.7292,0
179,1,0,0,45.0,1,0,83.475,2
180,1,1,1,35.0,1,0,83.475,2
181,1,0,0,40.0,0,0,0.0,2
182,1,1,0,27.0,0,0,76.7292,0
184,1,1,1,24.0,0,0,83.1583,0
185,1,0,0,55.0,1,1,93.5,2
186,1,1,1,52.0,1,1,93.5,2
187,1,0,0,42.0,0,0,42.5,2
189,1,0,0,55.0,0,0,50.0,2
190,1,1,1,16.0,0,1,57.9792,0
191,1,1,1,44.0,0,1,57.9792,0
192,1,1,1,51.0,1,0,77.9583,2
193,1,0,0,42.0,1,0,52.0,2
194,1,1,1,35.0,1,0,52.0,2
195,1,1,0,35.0,0,0,26.55,0
196,1,1,0,38.0,1,0,90.0,2
198,1,1,1,35.0,1,0,90.0,2
200,1,0,1,50.0,0,0,28.7125,0
201,1,1,0,49.0,0,0,0.0,2
202,1,0,0,46.0,0,0,26.0,2
203,1,0,0,50.0,0,0,26.0,2
204,1,0,0,32.5,0,0,211.5,0
205,1,0,0,58.0,0,0,29.7,0
206,1,0,0,41.0,1,0,51.8625,2
208,1,1,0,42.0,1,0,52.5542,2
209,1,1,1,45.0,1,0,52.5542,2
211,1,1,1,39.0,0,0,211.3375,2
212,1,1,1,49.0,0,0,25.9292,2
213,1,1,1,30.0,0,0,106.425,0
214,1,1,0,35.0,0,0,512.3292,0
216,1,0,0,42.0,0,0,26.55,2
217,1,1,1,55.0,0,0,27.7208,0
218,1,1,1,16.0,0,1,39.4,2
219,1,1,1,51.0,0,1,39.4,2
220,1,0,0,29.0,0,0,30.0,2
221,1,1,1,21.0,0,0,77.9583,2
222,1,0,0,30.0,0,0,45.5,2
223,1,1,1,58.0,0,0,146.5208,0
224,1,1,1,15.0,0,1,211.3375,2
225,1,0,0,30.0,0,0,26.0,2
226,1,1,1,16.0,0,0,86.5,2
228,1,0,0,19.0,1,0,53.1,2
229,1,1,1,18.0,1,0,53.1,2
230,1,1,1,24.0,0,0,49.5042,0
231,1,0,0,46.0,0,0,75.2417,0
232,1,0,0,54.0,0,0,51.8625,2
233,1,1,0,36.0,0,0,26.2875,2
234,1,0,0,28.0,1,0,82.1708,0
236,1,0,0,65.0,0,0,26.55,2
237,1,0,0,44.0,2,0,90.0,1
238,1,1,1,33.0,1,0,90.0,1
239,1,1,1,37.0,1,0,90.0,1
240,1,1,0,30.0,1,0,57.75,0
241,1,0,0,55.0,0,0,30.5,2
242,1,0,0,47.0,0,0,42.4,2
243,1,0,0,37.0,0,1,29.7,0
244,1,1,1,31.0,1,0,113.275,0
245,1,1,1,23.0,1,0,113.275,0
246,1,0,0,58.0,0,2,113.275,0
247,1,1,1,19.0,0,2,26.2833,2
248,1,0,0,64.0,0,0,26.0,2
249,1,1,1,39.0,0,0,108.9,0
251,1,1,1,22.0,0,1,61.9792,0
252,1,0,0,65.0,0,1,61.9792,0
253,1,0,0,28.5,0,0,27.7208,0
255,1,0,0,45.5,0,0,28.5,2
256,1,0,0,23.0,0,0,93.5,2
257,1,0,0,29.0,1,0,66.6,2
258,1,1,1,22.0,1,0,66.6,2
259,1,0,0,18.0,1,0,108.9,0
260,1,1,1,17.0,1,0,108.9,0
261,1,1,1,30.0,0,0,93.5,2
262,1,1,0,52.0,0,0,30.5,2
263,1,0,0,47.0,0,0,52.0,2
264,1,1,1,56.0,0,1,83.1583,0
265,1,0,0,38.0,0,0,0.0,2
267,1,0,0,22.0,0,0,135.6333,0
269,1,1,1,43.0,0,1,211.3375,2
270,1,0,0,31.0,0,0,50.4958,2
271,1,1,0,45.0,0,0,26.55,2
273,1,1,1,33.0,0,0,27.7208,0
274,1,0,0,46.0,0,0,79.2,0
275,1,0,0,36.0,0,0,40.125,0
276,1,1,1,33.0,0,0,86.5,2
277,1,0,0,55.0,1,0,59.4,0
278,1,1,1,54.0,1,0,59.4,0
279,1,0,0,33.0,0,0,26.55,2
280,1,1,0,13.0,2,2,262.375,0
281,1,1,1,18.0,2,2,262.375,0
282,1,1,1,21.0,2,2,262.375,0
283,1,0,0,61.0,1,3,262.375,0
284,1,1,1,48.0,1,3,262.375,0
286,1,1,1,24.0,0,0,69.3,0
288,1,1,1,35.0,1,0,57.75,0
289,1,1,1,30.0,0,0,31.0,0
290,1,1,0,34.0,0,0,26.55,2
291,1,1,1,40.0,0,0,153.4625,2
292,1,1,0,35.0,0,0,26.2875,2
293,1,0,0,50.0,1,0,55.9,2
294,1,1,1,39.0,1,0,55.9,2
295,1,1,0,56.0,0,0,35.5,0
296,1,1,0,28.0,0,0,35.5,2
297,1,0,0,56.0,0,0,26.55,2
298,1,0,0,56.0,0,0,30.6958,0
299,1,0,0,24.0,1,0,60.0,2
301,1,1,1,18.0,1,0,60.0,2
302,1,1,0,24.0,1,0,82.2667,2
303,1,1,1,23.0,1,0,82.2667,2
304,1,1,0,6.0,0,2,134.5,0
305,1,1,0,45.0,1,1,134.5,0
306,1,1,1,40.0,1,1,134.5,0
307,1,0,0,57.0,1,0,146.5208,0
309,1,1,0,32.0,0,0,30.5,0
310,1,0,0,62.0,0,0,26.55,2
311,1,1,0,54.0,1,0,55.4417,0
312,1,1,1,43.0,1,0,55.4417,0
313,1,1,1,52.0,1,0,78.2667,0
316,1,0,0,67.0,1,0,221.7792,2
317,1,0,1,63.0,1,0,221.7792,2
318,1,0,0,61.0,0,0,32.3208,2
319,1,1,1,48.0,0,0,25.9292,2
320,1,1,1,18.0,0,2,79.65,2
321,1,0,0,52.0,1,1,79.65,2
322,1,1,1,39.0,1,1,79.65,2
323,1,1,0,48.0,1,0,52.0,2
325,1,0,0,49.0,1,1,110.8833,0
326,1,1,0,17.0,0,2,110.8833,0
327,1,1,1,39.0,1,1,110.8833,0
329,1,1,0,31.0,0,0,28.5375,0
330,1,0,0,40.0,0,0,27.7208,0
331,1,0,0,61.0,0,0,33.5,2
332,1,0,0,47.0,0,0,34.0208,2
333,1,1,1,35.0,0,0,512.3292,0
334,1,0,0,64.0,1,0,75.25,0
335,1,1,1,60.0,1,0,75.25,0
336,1,0,0,60.0,0,0,26.55,2
337,1,0,0,54.0,0,1,77.2875,2
338,1,0,0,21.0,0,1,77.2875,2
339,1,1,1,55.0,0,0,135.6333,0
340,1,1,1,31.0,0,2,164.8667,2
341,1,0,0,57.0,1,1,164.8667,2
342,1,1,1,45.0,1,1,164.8667,2
343,1,0,0,50.0,1,1,211.5,0
344,1,0,0,27.0,0,2,211.5,0
345,1,1,1,50.0,1,1,211.5,0
346,1,1,1,21.0,0,0,26.55,2
347,1,0,0,51.0,0,1,61.3792,0
348,1,1,0,21.0,0,1,61.3792,0
350,1,1,1,31.0,0,0,134.5,0
352,2,0,0,30.0,1,0,24.0,0
353,2,1,1,28.0,1,0,24.0,0
354,2,0,0,30.0,0,0,13.0,2
355,2,0,0,18.0,0,0,11.5,2
356,2,0,0,25.0,0,0,10.5,2
357,2,0,0,34.0,1,0,26.0,2
358,2,1,1,36.0,1,0,26.0,2
359,2,0,0,57.0,0,0,13.0,2
360,2,0,0,18.0,0,0,11.5,2
361,2,0,0,23.0,0,0,10.5,2
362,2,1,1,36.0,0,0,13.0,2
363,2,0,0,28.0,0,0,10.5,2
364,2,0,0,51.0,0,0,12.525,2
365,2,1,0,32.0,1,0,26.0,2
366,2,1,1,19.0,1,0,26.0,2
367,2,0,0,28.0,0,0,26.0,2
368,2,1,1,24.0,0,0,13.0,2
369,2,1,1,15.0,0,2,39.0,2
370,2,0,0,60.0,1,1,39.0,2
371,2,1,1,40.0,1,1,39.0,2
372,2,1,1,20.0,1,0,26.0,2
373,2,0,0,25.0,1,0,26.0,2
374,2,1,1,36.0,0,0,13.0,2
375,2,0,0,25.0,0,0,13.0,2
376,2,0,0,42.0,0,0,13.0,2
377,2,1,1,42.0,0,0,13.0,2
378,2,1,0,0.8333,0,2,29.0,2
379,2,1,0,26.0,1,1,29.0,2
380,2,1,1,22.0,1,1,29.0,2
381,2,1,1,35.0,0,0,21.0,2
383,2,0,0,19.0,0,0,13.0,2
384,2,0,1,44.0,1,0,26.0,2
385,2,0,0,54.0,1,0,26.0,2
386,2,0,0,52.0,0,0,13.5,2
387,2,0,0,37.0,1,0,26.0,2
388,2,0,1,29.0,1,0,26.0,2
389,2,1,1,25.0,1,1,30.0,2
390,2,1,1,45.0,0,2,30.0,2
391,2,0,0,29.0,1,0,26.0,2
392,2,1,1,28.0,1,0,26.0,2
393,2,0,0,29.0,0,0,10.5,2
394,2,0,0,28.0,0,0,13.0,2
395,2,1,0,24.0,0,0,10.5,2
396,2,1,1,8.0,0,2,26.25,2
397,2,0,0,31.0,1,1,26.25,2
398,2,1,1,31.0,1,1,26.25,2
399,2,1,1,22.0,0,0,10.5,2
400,2,0,1,30.0,0,0,13.0,2
402,2,0,0,21.0,0,0,11.5,2
404,2,1,0,8.0,1,1,36.75,2
405,2,0,0,18.0,0,0,73.5,2
406,2,1,1,48.0,0,2,36.75,2
407,2,1,1,28.0,0,0,13.0,2
408,2,0,0,32.0,0,0,13.0,2
409,2,0,0,17.0,0,0,73.5,2
410,2,0,0,29.0,1,0,27.7208,0
411,2,1,1,24.0,1,0,27.7208,0
412,2,0,0,25.0,0,0,31.5,2
413,2,0,0,18.0,0,0,73.5,2
414,2,1,1,18.0,0,1,23.0,2
415,2,1,1,34.0,0,1,23.0,2
416,2,0,0,54.0,0,0,26.0,2
417,2,1,0,8.0,0,2,32.5,2
418,2,0,0,42.0,1,1,32.5,2
419,2,1,1,34.0,1,1,32.5,2
420,2,1,1,27.0,1,0,13.8583,0
421,2,1,1,30.0,1,0,13.8583,0
422,2,0,0,23.0,0,0,13.0,2
423,2,0,0,21.0,0,0,13.0,2
424,2,0,0,18.0,0,0,13.0,2
425,2,0,0,40.0,1,0,26.0,2
426,2,1,1,29.0,1,0,26.0,2
427,2,0,0,18.0,0,0,10.5,2
428,2,0,0,36.0,0,0,13.0,2
430,2,0,1,38.0,0,0,13.0,2
431,2,0,0,35.0,0,0,26.0,2
432,2,0,0,38.0,1,0,21.0,2
433,2,0,0,34.0,1,0,21.0,2
434,2,1,1,34.0,0,0,13.0,2
435,2,0,0,16.0,0,0,26.0,2
436,2,0,0,26.0,0,0,10.5,2
437,2,0,0,47.0,0,0,10.5,2
438,2,0,0,21.0,1,0,11.5,2
439,2,0,0,21.0,1,0,11.5,2
440,2,0,0,24.0,0,0,13.5,2
441,2,0,0,24.0,0,0,13.0,2
442,2,0,0,34.0,0,0,13.0,2
443,2,0,0,30.0,0,0,13.0,2
444,2,0,0,52.0,0,0,13.0,2
445,2,0,0,30.0,0,0,13.0,2
446,2,1,0,0.6667,1,1,14.5,2
447,2,1,1,24.0,0,2,14.5,2
448,2,0,0,44.0,0,0,13.0,2
449,2,1,1,6.0,0,1,33.0,2
450,2,0,0,28.0,0,1,33.0,2
451,2,1,0,62.0,0,0,10.5,2
452,2,0,0,30.0,0,0,10.5,2
453,2,1,1,7.0,0,2,26.25,2
454,2,0,0,43.0,1,1,26.25,2
455,2,1,1,45.0,1,1,26.25,2
456,2,1,1,24.0,1,2,65.0,2
457,2,1,1,24.0,1,2,65.0,2
458,2,0,0,49.0,1,2,65.0,2
459,2,1,1,48.0,1,2,65.0,2
460,2,1,1,55.0,0,0,16.0,2
461,2,0,0,50.0,0,0,13.0,2
462,2,0,0,44.0,1,0,26.0,2
463,2,1,1,29.0,1,0,26.0,2
464,2,0,0,21.0,0,0,73.5,2
465,2,1,0,42.0,0,0,13.0,2
466,2,0,0,63.0,1,0,26.0,2
467,2,0,1,60.0,1,0,26.0,2
468,2,0,0,33.0,0,0,12.275,2
469,2,1,1,17.0,0,0,10.5,2
470,2,0,0,42.0,1,0,27.0,2
471,2,1,1,24.0,2,1,27.0,2
472,2,0,0,47.0,0,0,15.0,2
473,2,0,0,24.0,2,0,31.5,2
474,2,0,0,22.0,2,0,31.5,2
475,2,0,0,32.0,0,0,10.5,2
476,2,1,1,23.0,0,0,13.7917,0
477,2,0,0,34.0,1,0,26.0,2
478,2,1,1,24.0,1,0,26.0,2
479,2,0,1,22.0,0,0,21.0,2
481,2,0,0,35.0,0,0,12.35,1
482,2,1,1,45.0,0,0,13.5,2
483,2,0,0,57.0,0,0,12.35,1
485,2,0,0,31.0,0,0,10.5,2
486,2,0,1,26.0,1,1,26.0,2
487,2,0,0,30.0,1,1,26.0,2
489,2,1,1,1.0,1,2,41.5792,0
490,2,1,1,3.0,1,2,41.5792,0
491,2,0,0,25.0,1,2,41.5792,0
492,2,1,1,22.0,1,2,41.5792,0
493,2,1,1,17.0,0,0,12.0,0
495,2,1,1,34.0,0,0,10.5,2
496,2,0,0,36.0,0,0,12.875,0
497,2,0,0,24.0,0,0,10.5,2
498,2,0,0,61.0,0,0,12.35,1
499,2,0,0,50.0,1,0,26.0,2
500,2,1,1,42.0,1,0,26.0,2
501,2,0,1,57.0,0,0,10.5,2
504,2,0,0,30.0,0,0,13.0,2
505,2,0,0,40.0,0,0,16.0,2
506,2,0,0,32.0,0,0,13.5,2
507,2,0,0,30.0,0,0,13.0,2
508,2,0,0,46.0,0,0,26.0,2
509,2,1,1,13.0,0,1,19.5,2
510,2,1,1,41.0,0,1,19.5,2
511,2,1,0,19.0,0,0,10.5,2
512,2,0,0,39.0,0,0,13.0,2
513,2,0,0,48.0,0,0,13.0,2
514,2,0,0,70.0,0,0,10.5,2
515,2,0,0,27.0,0,0,13.0,2
516,2,0,0,54.0,0,0,14.0,2
517,2,0,0,39.0,0,0,26.0,2
518,2,0,0,16.0,0,0,10.5,2
519,2,0,0,62.0,0,0,9.6875,1
520,2,0,0,32.5,1,0,30.0708,0
521,2,1,1,14.0,1,0,30.0708,0
522,2,1,0,2.0,1,1,26.0,2
523,2,1,0,3.0,1,1,26.0,2
524,2,0,0,36.5,0,2,26.0,2
525,2,0,0,26.0,0,0,13.0,2
526,2,0,0,19.0,1,1,36.75,2
527,2,0,0,28.0,0,0,13.5,2
528,2,1,0,20.0,0,0,13.8625,0
529,2,1,1,29.0,0,0,10.5,2
530,2,0,0,39.0,0,0,13.0,2
531,2,1,0,22.0,0,0,10.5,2
533,2,0,0,23.0,0,0,10.5,2
534,2,1,0,29.0,0,0,13.8583,0
535,2,0,0,28.0,0,0,10.5,2
537,2,1,1,50.0,0,1,26.0,2
538,2,0,0,19.0,0,0,10.5,2
540,2,0,0,41.0,0,0,13.0,2
541,2,1,1,21.0,0,1,21.0,2
542,2,1,1,19.0,0,0,26.0,2
543,2,0,0,43.0,0,1,21.0,2
544,2,1,1,32.0,0,0,13.0,2
545,2,0,0,34.0,0,0,13.0,2
546,2,1,0,30.0,0,0,12.7375,0
547,2,0,0,27.0,0,0,15.0333,0
548,2,1,1,2.0,1,1,26.0,2
549,2,1,1,8.0,1,1,26.0,2
550,2,1,1,33.0,0,2,26.0,2
551,2,0,0,36.0,0,0,10.5,2
552,2,0,0,34.0,1,0,21.0,2
553,2,1,1,30.0,3,0,21.0,2
554,2,1,1,28.0,0,0,13.0,2
555,2,0,0,23.0,0,0,15.0458,0
556,2,1,0,0.8333,1,1,18.75,2
557,2,1,0,3.0,1,1,18.75,2
558,2,1,1,24.0,2,3,18.75,2
559,2,1,1,50.0,0,0,10.5,2
560,2,0,0,19.0,0,0,10.5,2
561,2,1,1,21.0,0,0,10.5,2
562,2,0,0,26.0,0,0,13.0,2
563,2,0,0,25.0,0,0,13.0,2
564,2,0,0,27.0,0,0,26.0,2
565,2,1,1,25.0,0,1,26.0,2
566,2,1,1,18.0,0,2,13.0,2
567,2,1,1,20.0,0,0,36.75,2
568,2,1,1,30.0,0,0,13.0,2
569,2,0,0,59.0,0,0,13.5,2
570,2,1,1,30.0,0,0,12.35,1
571,2,0,0,35.0,0,0,10.5,2
572,2,1,1,40.0,0,0,13.0,2
573,2,0,0,25.0,0,0,13.0,2
574,2,0,0,41.0,0,0,15.0458,0
575,2,0,0,25.0,0,0,10.5,2
576,2,0,0,18.5,0,0,13.0,2
577,2,0,0,14.0,0,0,65.0,2
578,2,1,1,50.0,0,0,10.5,2
579,2,0,0,23.0,0,0,13.0,2
580,2,1,1,28.0,0,0,12.65,2
581,2,1,1,27.0,0,0,10.5,2
582,2,0,0,29.0,1,0,21.0,2
583,2,0,1,27.0,1,0,21.0,2
584,2,0,0,40.0,0,0,13.0,2
585,2,1,1,31.0,0,0,21.0,2
586,2,0,0,30.0,1,0,21.0,2
587,2,0,0,23.0,1,0,10.5,2
588,2,1,1,31.0,0,0,21.0,2
590,2,1,1,12.0,0,0,15.75,2
591,2,1,1,40.0,0,0,15.75,2
592,2,1,1,32.5,0,0,13.0,2
593,2,0,0,27.0,1,0,26.0,2
594,2,1,1,29.0,1,0,26.0,2
595,2,1,0,2.0,1,1,23.0,2
596,2,1,1,4.0,1,1,23.0,2
597,2,1,1,29.0,0,2,23.0,2
598,2,1,1,0.9167,1,2,27.75,2
599,2,1,1,5.0,1,2,27.75,2
600,2,0,0,36.0,1,2,27.75,2
601,2,1,1,33.0,1,2,27.75,2
602,2,0,0,66.0,0,0,10.5,2
604,2,1,0,31.0,0,0,13.0,2
606,2,1,1,26.0,0,0,13.5,2
607,2,0,1,24.0,0,0,13.0,2
608,3,0,0,42.0,0,0,7.55,2
609,3,0,0,13.0,0,2,20.25,2
610,3,0,0,16.0,1,1,20.25,2
611,3,1,1,35.0,1,1,20.25,2
612,3,1,1,16.0,0,0,7.65,2
613,3,1,0,25.0,0,0,7.65,2
614,3,1,0,20.0,0,0,7.925,2
615,3,1,1,18.0,0,0,7.2292,0
616,3,0,0,30.0,0,0,7.25,2
617,3,0,0,26.0,0,0,8.05,2
618,3,0,1,40.0,1,0,9.475,2
619,3,1,0,0.8333,0,1,9.35,2
620,3,1,1,18.0,0,1,9.35,2
621,3,1,0,26.0,0,0,18.7875,0
622,3,0,0,26.0,0,0,7.8875,2
623,3,0,0,20.0,0,0,7.925,2
624,3,0,0,4.0,4,2,31.275,2
625,3,0,1,6.0,4,2,31.275,2
626,3,0,1,2.0,4,2,31.275,2
627,3,1,1,17.0,4,2,7.925,2
628,3,0,1,38.0,4,2,7.775,2
629,3,0,1,9.0,4,2,31.275,2
630,3,0,1,11.0,4,2,31.275,2
631,3,0,0,39.0,1,5,31.275,2
632,3,1,0,27.0,0,0,7.7958,2
633,3,0,0,26.0,0,0,7.775,2
634,3,0,1,39.0,1,5,31.275,2
635,3,0,0,20.0,0,0,7.8542,2
636,3,0,0,26.0,0,0,7.8958,2
637,3,0,0,25.0,1,0,17.8,2
638,3,0,1,18.0,1,0,17.8,2
639,3,0,0,24.0,0,0,7.775,2
640,3,0,0,35.0,0,0,7.05,2
641,3,0,0,5.0,4,2,31.3875,2
642,3,0,0,9.0,4,2,31.3875,2
643,3,1,0,3.0,4,2,31.3875,2
644,3,0,0,13.0,4,2,31.3875,2
645,3,1,1,5.0,4,2,31.3875,2
646,3,0,0,40.0,1,5,31.3875,2
647,3,1,0,23.0,0,0,7.7958,2
648,3,1,1,38.0,1,5,31.3875,2
649,3,1,1,45.0,0,0,7.225,0
650,3,0,0,21.0,0,0,7.225,0
651,3,0,0,23.0,0,0,7.05,2
652,3,0,1,17.0,0,0,14.4583,0
653,3,0,0,30.0,0,0,7.225,0
654,3,0,0,23.0,0,0,7.8542,2
655,3,1,1,13.0,0,0,7.2292,0
656,3,0,0,20.0,0,0,7.225,0
657,3,0,0,32.0,1,0,15.85,2
658,3,1,1,33.0,3,0,15.85,2
659,3,1,1,0.75,2,1,19.2583,0
660,3,1,1,0.75,2,1,19.2583,0
661,3,1,1,5.0,2,1,19.2583,0
662,3,1,1,24.0,0,3,19.2583,0
663,3,1,1,18.0,0,0,8.05,2
664,3,0,0,40.0,0,0,7.225,0
665,3,0,0,26.0,0,0,7.8958,2
666,3,1,0,20.0,0,0,7.2292,0
667,3,0,1,18.0,0,1,14.4542,0
668,3,0,1,45.0,0,1,14.4542,0
669,3,0,1,27.0,0,0,7.8792,1
670,3,0,0,22.0,0,0,8.05,2
671,3,0,0,19.0,0,0,8.05,2
672,3,0,0,26.0,0,0,7.775,2
673,3,0,0,22.0,0,0,9.35,2
675,3,0,0,20.0,0,0,4.0125,0
676,3,1,0,32.0,0,0,56.4958,2
677,3,0,0,21.0,0,0,7.775,2
678,3,0,0,18.0,0,0,7.75,2
679,3,0,0,26.0,0,0,7.8958,2
680,3,0,0,6.0,1,1,15.2458,0
681,3,0,1,9.0,1,1,15.2458,0
685,3,0,0,40.0,1,1,15.5,1
686,3,0,1,32.0,1,1,15.5,1
687,3,0,0,21.0,0,0,16.1,2
688,3,1,1,22.0,0,0,7.725,1
689,3,0,1,20.0,0,0,7.8542,2
690,3,0,0,29.0,1,0,7.0458,2
691,3,0,0,22.0,1,0,7.25,2
692,3,0,0,22.0,0,0,7.7958,2
693,3,0,0,35.0,0,0,8.05,2
694,3,0,1,18.5,0,0,7.2833,1
695,3,1,0,21.0,0,0,7.8208,1
696,3,0,0,19.0,0,0,6.75,1
697,3,0,1,18.0,0,0,7.8792,1
698,3,0,1,21.0,0,0,8.6625,2
699,3,0,1,30.0,0,0,8.6625,2
700,3,0,0,18.0,0,0,8.6625,2
701,3,0,0,38.0,0,0,8.6625,2
702,3,0,0,17.0,0,0,8.6625,2
703,3,0,0,17.0,0,0,8.6625,2
704,3,0,1,21.0,0,0,7.75,1
705,3,0,0,21.0,0,0,7.75,1
706,3,0,0,21.0,0,0,8.05,2
709,3,0,0,28.0,0,0,7.7958,2
710,3,0,0,24.0,0,0,7.8542,2
711,3,1,1,16.0,0,0,7.75,1
712,3,0,1,37.0,0,0,7.75,1
713,3,0,0,28.0,0,0,7.25,2
714,3,0,0,24.0,0,0,8.05,2
715,3,0,0,21.0,0,0,7.7333,1
716,3,1,0,32.0,0,0,56.4958,2
717,3,0,0,29.0,0,0,8.05,2
718,3,0,0,26.0,1,0,14.4542,0
719,3,0,0,18.0,1,0,14.4542,0
720,3,0,0,20.0,0,0,7.05,2
721,3,1,0,18.0,0,0,8.05,2
722,3,0,0,24.0,0,0,7.25,1
723,3,0,0,36.0,0,0,7.4958,2
724,3,0,0,24.0,0,0,7.4958,2
725,3,0,0,31.0,0,0,7.7333,1
726,3,0,0,31.0,0,0,7.75,1
727,3,1,1,22.0,0,0,7.75,1
728,3,0,1,30.0,0,0,7.6292,1
729,3,0,0,70.5,0,0,7.75,1
730,3,0,0,43.0,0,0,8.05,2
731,3,0,0,35.0,0,0,7.8958,2
732,3,0,0,27.0,0,0,7.8958,2
733,3,0,0,19.0,0,0,7.8958,2
734,3,0,0,30.0,0,0,8.05,2
735,3,1,0,9.0,1,1,15.9,2
736,3,1,0,3.0,1,1,15.9,2
737,3,1,1,36.0,0,2,15.9,2
738,3,0,0,59.0,0,0,7.25,2
739,3,0,0,19.0,0,0,8.1583,2
740,3,1,1,17.0,0,1,16.1,2
741,3,0,0,44.0,0,1,16.1,2
742,3,0,0,17.0,0,0,8.6625,2
743,3,0,0,22.5,0,0,7.225,0
744,3,1,0,45.0,0,0,8.05,2
745,3,0,1,22.0,0,0,10.5167,2
746,3,0,0,19.0,0,0,10.1708,2
747,3,1,1,30.0,0,0,6.95,1
748,3,1,0,29.0,0,0,7.75,1
749,3,0,0,0.3333,0,2,14.4,2
750,3,0,0,34.0,1,1,14.4,2
751,3,0,1,28.0,1,1,14.4,2
752,3,0,0,27.0,0,0,7.8958,2
753,3,0,0,25.0,0,0,7.8958,2
754,3,0,0,24.0,2,0,24.15,2
755,3,0,0,22.0,0,0,8.05,2
756,3,0,0,21.0,2,0,24.15,2
757,3,0,0,17.0,2,0,8.05,2
760,3,1,0,36.5,1,0,17.4,2
761,3,1,1,36.0,1,0,17.4,2
762,3,1,0,30.0,0,0,9.5,2
763,3,0,0,16.0,0,0,9.5,2
764,3,1,1,0.1667,1,2,20.575,2
765,3,0,0,26.0,1,2,20.575,2
766,3,1,1,33.0,1,2,20.575,2
767,3,0,0,25.0,0,0,7.8958,2
770,3,0,0,22.0,0,0,7.25,2
771,3,0,0,36.0,0,0,7.25,2
772,3,1,1,19.0,0,0,7.8792,1
773,3,0,0,17.0,0,0,7.8958,2
774,3,0,0,42.0,0,0,8.6625,2
775,3,0,0,43.0,0,0,7.8958,2
777,3,0,0,32.0,0,0,7.75,1
778,3,1,0,19.0,0,0,8.05,2
779,3,1,1,30.0,0,0,12.475,2
780,3,0,1,24.0,0,0,7.75,1
781,3,1,1,23.0,0,0,8.05,2
782,3,0,0,33.0,0,0,7.8958,0
783,3,0,0,65.0,0,0,7.75,1
784,3,1,0,24.0,0,0,7.55,2
785,3,0,0,23.0,1,0,13.9,2
786,3,1,1,22.0,1,0,13.9,2
787,3,0,0,18.0,0,0,7.775,2
788,3,0,0,16.0,0,0,7.775,2
789,3,0,0,45.0,0,0,6.975,2
791,3,0,0,39.0,0,2,7.2292,0
792,3,0,0,17.0,1,1,7.2292,0
793,3,0,0,15.0,1,1,7.2292,0
794,3,0,0,47.0,0,0,7.25,2
795,3,1,1,5.0,0,0,12.475,2
797,3,0,0,40.5,0,0,7.75,1
799,3,0,0,18.0,0,0,7.7958,2
803,3,0,0,26.0,0,0,7.8792,1
806,3,0,1,21.0,2,2,34.375,2
807,3,0,1,9.0,2,2,34.375,2
809,3,0,0,18.0,2,2,34.375,2
810,3,0,0,16.0,1,3,34.375,2
811,3,0,1,48.0,1,3,34.375,2
814,3,0,0,25.0,0,0,7.7417,1
817,3,0,0,22.0,0,0,8.05,2
818,3,1,1,16.0,0,0,7.7333,1
820,3,1,0,9.0,0,2,20.525,2
821,3,0,0,33.0,1,1,20.525,2
822,3,0,0,41.0,0,0,7.85,2
823,3,1,1,31.0,1,1,20.525,2
824,3,0,0,38.0,0,0,7.05,2
825,3,0,0,9.0,5,2,46.9,2
826,3,0,0,1.0,5,2,46.9,2
827,3,0,0,11.0,5,2,46.9,2
828,3,0,1,10.0,5,2,46.9,2
829,3,0,1,16.0,5,2,46.9,2
830,3,0,0,14.0,5,2,46.9,2
831,3,0,0,40.0,1,6,46.9,2
832,3,0,1,43.0,1,6,46.9,2
833,3,0,0,51.0,0,0,8.05,2
834,3,0,0,32.0,0,0,8.3625,2
836,3,0,0,20.0,0,0,9.8458,2
837,3,0,0,37.0,2,0,7.925,2
838,3,0,0,28.0,2,0,7.925,2
839,3,0,0,19.0,0,0,7.775,2
840,3,0,1,24.0,0,0,8.85,2
841,3,0,1,17.0,0,0,7.7333,1
844,3,0,0,28.0,1,0,15.85,2
845,3,1,1,24.0,1,0,15.85,2
846,3,0,0,20.0,0,0,9.5,2
847,3,0,0,23.5,0,0,7.2292,0
848,3,0,0,41.0,2,0,14.1083,2
849,3,0,0,26.0,1,0,7.8542,2
850,3,0,0,21.0,0,0,7.8542,2
851,3,1,1,45.0,1,0,14.1083,2
853,3,0,0,25.0,0,0,7.25,2
855,3,0,0,11.0,0,0,18.7875,0
857,3,1,0,27.0,0,0,6.975,2
859,3,0,1,18.0,0,0,6.75,1
860,3,1,1,26.0,0,0,7.925,2
861,3,0,1,23.0,0,0,7.925,2
862,3,1,1,22.0,0,0,8.9625,2
863,3,0,0,28.0,0,0,7.8958,2
864,3,0,1,28.0,0,0,7.775,2
866,3,1,1,2.0,0,1,12.2875,2
867,3,1,1,22.0,1,1,12.2875,2
868,3,0,0,43.0,0,0,6.45,2
869,3,0,0,28.0,0,0,22.525,2
870,3,1,1,27.0,0,0,7.925,2
873,3,0,0,42.0,0,0,7.65,2
875,3,0,0,30.0,0,0,7.2292,0
877,3,0,1,27.0,1,0,7.925,2
878,3,0,1,25.0,1,0,7.925,2
880,3,1,0,29.0,0,0,7.8958,0
881,3,1,0,21.0,0,0,7.7958,2
883,3,0,0,20.0,0,0,7.8542,2
884,3,0,0,48.0,0,0,7.8542,2
885,3,0,0,17.0,1,0,7.0542,2
888,3,0,0,34.0,0,0,6.4958,2
889,3,1,0,26.0,0,0,7.775,2
890,3,0,0,22.0,0,0,7.7958,2
891,3,0,0,33.0,0,0,8.6542,2
892,3,0,0,31.0,0,0,7.775,2
893,3,0,0,29.0,0,0,7.8542,2
894,3,1,0,4.0,1,1,11.1333,2
895,3,1,1,1.0,1,1,11.1333,2
896,3,0,0,49.0,0,0,0.0,2
897,3,0,0,33.0,0,0,7.775,2
898,3,0,0,19.0,0,0,0.0,2
899,3,1,1,27.0,0,2,11.1333,2
904,3,0,0,23.0,0,0,7.8958,2
905,3,1,0,32.0,0,0,7.8542,2
906,3,0,0,27.0,0,0,7.8542,2
907,3,0,1,20.0,1,0,9.825,2
908,3,0,1,21.0,1,0,9.825,2
909,3,1,0,32.0,0,0,7.925,2
910,3,0,0,17.0,0,0,7.125,2
911,3,0,0,21.0,0,0,8.4333,2
912,3,0,0,30.0,0,0,7.8958,2
913,3,1,0,21.0,0,0,7.7958,2
914,3,0,0,33.0,0,0,7.8542,2
915,3,0,0,22.0,0,0,7.5208,2
916,3,1,1,4.0,0,1,13.4167,0
917,3,1,0,39.0,0,1,13.4167,0
919,3,0,0,18.5,0,0,7.2292,0
924,3,0,0,34.5,0,0,7.8292,1
925,3,0,0,44.0,0,0,8.05,2
932,3,0,1,22.0,2,0,8.6625,2
933,3,0,0,26.0,2,0,8.6625,2
934,3,1,1,4.0,0,2,22.025,2
935,3,1,0,29.0,3,1,22.025,2
936,3,1,1,26.0,1,1,22.025,2
937,3,0,1,1.0,1,1,12.1833,2
938,3,0,0,18.0,1,1,7.8542,2
939,3,0,1,36.0,0,2,12.1833,2
941,3,1,0,25.0,0,0,7.2292,0
943,3,0,1,37.0,0,0,9.5875,2
947,3,1,1,22.0,0,0,7.25,2
949,3,1,0,26.0,0,0,56.4958,2
950,3,0,0,29.0,0,0,9.4833,2
951,3,0,0,29.0,0,0,7.775,2
952,3,0,0,22.0,0,0,7.775,2
953,3,1,0,22.0,0,0,7.225,0
959,3,0,0,32.0,0,0,7.925,2
960,3,0,0,34.5,0,0,6.4375,0
963,3,0,0,36.0,0,0,0.0,2
964,3,0,0,39.0,0,0,24.15,2
965,3,0,0,24.0,0,0,9.5,2
966,3,0,1,25.0,0,0,7.775,2
967,3,0,1,45.0,0,0,7.75,2
968,3,0,0,36.0,1,0,15.55,2
969,3,0,1,30.0,1,0,15.55,2
970,3,1,0,20.0,1,0,7.925,2
972,3,0,0,28.0,0,0,56.4958,2
974,3,0,0,30.0,1,0,16.1,2
975,3,0,1,26.0,1,0,16.1,2
977,3,0,0,20.5,0,0,7.25,2
978,3,1,0,27.0,0,0,8.6625,2
979,3,0,0,51.0,0,0,7.0542,2
980,3,1,1,23.0,0,0,7.8542,2
981,3,1,0,32.0,0,0,7.5792,2
985,3,1,0,24.0,0,0,7.1417,2
986,3,0,0,22.0,0,0,7.125,2
990,3,0,0,29.0,0,0,7.925,2
992,3,0,1,30.5,0,0,7.75,1
995,3,0,0,35.0,0,0,7.8958,0
996,3,0,0,33.0,0,0,7.8958,2
1007,3,1,1,15.0,0,0,8.0292,1
1008,3,0,1,35.0,0,0,7.75,1
1010,3,0,0,24.0,1,0,16.1,2
1011,3,0,1,19.0,1,0,16.1,2
1015,3,0,0,55.5,0,0,8.05,2
1017,3,1,0,21.0,0,0,7.775,2
1019,3,0,0,24.0,0,0,7.8958,2
1020,3,0,0,21.0,0,0,7.8958,2
1021,3,0,0,28.0,0,0,7.8958,2
1024,3,0,0,25.0,0,0,7.65,2
1025,3,1,0,6.0,0,1,12.475,2
1026,3,1,1,27.0,0,1,12.475,2
1031,3,0,0,34.0,0,0,8.05,2
1040,3,1,1,24.0,0,0,7.75,1
1045,3,0,0,18.0,0,0,7.75,2
1046,3,0,0,22.0,0,0,7.8958,2
1047,3,1,1,15.0,0,0,7.225,0
1048,3,1,1,1.0,0,2,15.7417,0
1049,3,1,0,20.0,1,1,15.7417,0
1050,3,1,1,19.0,1,1,15.7417,0
1051,3,0,0,33.0,0,0,8.05,2
1056,3,1,0,12.0,1,0,11.2417,0
1057,3,1,1,14.0,1,0,11.2417,0
1058,3,0,1,29.0,0,0,7.925,2
1059,3,0,0,28.0,0,0,8.05,2
1060,3,1,1,18.0,0,0,7.775,2
1061,3,1,1,26.0,0,0,7.8542,2
1062,3,0,0,21.0,0,0,7.8542,2
1063,3,0,0,41.0,0,0,7.125,2
1064,3,1,0,39.0,0,0,7.925,2
1065,3,0,0,21.0,0,0,7.8,2
1066,3,0,0,28.5,0,0,7.2292,0
1067,3,1,1,22.0,0,0,7.75,2
1068,3,0,0,61.0,0,0,6.2375,2
1075,3,0,0,23.0,0,0,9.225,2
1079,3,1,1,22.0,0,0,7.775,2
1082,3,1,0,9.0,0,1,3.1708,2
1083,3,0,0,28.0,0,0,22.525,2
1084,3,0,0,42.0,0,1,8.4042,2
1086,3,0,1,31.0,0,0,7.8542,2
1087,3,0,0,28.0,0,0,7.8542,2
1088,3,1,0,32.0,0,0,7.775,2
1089,3,0,0,20.0,0,0,9.225,2
1090,3,0,1,23.0,0,0,8.6625,2
1091,3,0,1,20.0,0,0,8.6625,2
1092,3,0,0,20.0,0,0,8.6625,2
1093,3,0,0,16.0,0,0,9.2167,2
1094,3,1,1,31.0,0,0,8.6833,2
1096,3,0,0,2.0,3,1,21.075,2
1097,3,0,0,6.0,3,1,21.075,2
1098,3,0,1,3.0,3,1,21.075,2
1099,3,0,1,8.0,3,1,21.075,2
1100,3,0,1,29.0,0,4,21.075,2
1101,3,0,0,1.0,4,1,39.6875,2
1102,3,0,0,7.0,4,1,39.6875,2
1103,3,0,0,2.0,4,1,39.6875,2
1104,3,0,0,16.0,4,1,39.6875,2
1105,3,0,0,14.0,4,1,39.6875,2
1106,3,0,1,41.0,0,5,39.6875,2
1107,3,0,0,21.0,0,0,8.6625,2
1108,3,0,0,19.0,0,0,14.5,2
1110,3,0,0,32.0,0,0,7.8958,2
1111,3,0,0,0.75,1,1,13.775,2
1112,3,0,1,3.0,1,1,13.775,2
1113,3,0,1,26.0,0,2,13.775,2
1117,3,0,0,21.0,0,0,7.925,2
1118,3,0,0,25.0,0,0,7.925,2
1119,3,0,0,22.0,0,0,7.25,2
1120,3,1,0,25.0,1,0,7.775,2
1125,3,0,0,24.0,0,0,8.05,2
1126,3,0,1,28.0,0,0,7.8958,2
1127,3,0,0,19.0,0,0,7.8958,2
1129,3,0,0,25.0,1,0,7.775,2
1130,3,0,1,18.0,0,0,7.775,2
1131,3,1,0,32.0,0,0,8.05,2
1133,3,0,0,17.0,0,0,8.6625,2
1134,3,0,0,24.0,0,0,8.6625,2
1139,3,0,0,38.0,0,0,7.8958,2
1140,3,0,0,21.0,0,0,8.05,2
1141,3,0,0,10.0,4,1,29.125,1
1142,3,0,0,4.0,4,1,29.125,1
1143,3,0,0,7.0,4,1,29.125,1
1144,3,0,0,2.0,4,1,29.125,1
1145,3,0,0,8.0,4,1,29.125,1
1146,3,0,1,39.0,0,5,29.125,1
1147,3,0,1,22.0,0,0,39.6875,2
1148,3,0,0,35.0,0,0,7.125,2
1152,3,0,0,50.0,1,0,14.5,2
1153,3,0,1,47.0,1,0,14.5,2
1156,3,0,1,2.0,1,1,20.2125,2
1157,3,0,0,18.0,1,1,20.2125,2
1158,3,0,1,41.0,0,2,20.2125,2
1160,3,0,0,50.0,0,0,8.05,2
1161,3,0,0,16.0,0,0,8.05,2
1165,3,0,0,25.0,0,0,7.225,0
1169,3,0,0,38.5,0,0,7.25,2
1171,3,0,0,14.5,8,2,69.55,2
1181,3,0,0,24.0,0,0,9.325,2
1182,3,1,1,21.0,0,0,7.65,2
1183,3,0,0,39.0,0,0,7.925,2
1187,3,1,1,1.0,1,1,16.7,2
1188,3,1,1,24.0,0,2,16.7,2
1189,3,1,1,4.0,1,1,16.7,2
1190,3,1,0,25.0,0,0,9.5,2
1191,3,0,0,20.0,0,0,8.05,2
1192,3,0,0,24.5,0,0,8.05,2
1196,3,1,0,29.0,0,0,9.5,2
1201,3,0,0,22.0,0,0,7.2292,0
1203,3,0,0,40.0,0,0,7.8958,2
1204,3,0,0,21.0,0,0,7.925,2
1205,3,1,1,18.0,0,0,7.4958,2
1206,3,0,0,4.0,3,2,27.9,2
1207,3,0,0,10.0,3,2,27.9,2
1208,3,0,1,9.0,3,2,27.9,2
1209,3,0,1,2.0,3,2,27.9,2
1210,3,0,0,40.0,1,4,27.9,2
1211,3,0,1,45.0,1,4,27.9,2
1217,3,0,0,19.0,0,0,7.65,2
1218,3,0,0,30.0,0,0,8.05,2
1220,3,0,0,32.0,0,0,8.05,2
1222,3,0,0,33.0,0,0,8.6625,0
1223,3,1,1,23.0,0,0,7.55,2
1224,3,0,0,21.0,0,0,8.05,2
1226,3,0,0,19.0,0,0,7.8958,2
1227,3,0,1,22.0,0,0,9.8375,2
1228,3,1,0,31.0,0,0,7.925,2
1229,3,0,0,27.0,0,0,8.6625,2
1230,3,0,1,2.0,0,1,10.4625,2
1231,3,0,1,29.0,1,1,10.4625,2
1232,3,1,0,16.0,0,0,8.05,2
1233,3,1,0,44.0,0,0,7.925,2
1234,3,0,0,25.0,0,0,7.05,2
1235,3,0,0,74.0,0,0,7.775,2
1236,3,1,0,14.0,0,0,9.225,2
1237,3,0,0,24.0,0,0,7.7958,2
1238,3,1,0,25.0,0,0,7.7958,2
1239,3,0,0,34.0,0,0,8.05,2
1240,3,1,0,0.4167,0,1,8.5167,0
1244,3,1,1,16.0,1,1,8.5167,0
1248,3,0,0,32.0,0,0,7.925,2
1251,3,0,0,30.5,0,0,8.05,2
1252,3,0,0,44.0,0,0,8.05,2
1254,3,1,0,25.0,0,0,0.0,2
1256,3,1,0,7.0,1,1,15.2458,0
1257,3,1,1,9.0,1,1,15.2458,0
1258,3,1,1,29.0,0,2,15.2458,0
1259,3,0,0,36.0,0,0,7.8958,2
1260,3,1,1,18.0,0,0,9.8417,2
1261,3,1,1,63.0,0,0,9.5875,2
1263,3,0,0,11.5,1,1,14.5,2
1264,3,0,0,40.5,0,2,14.5,2
1265,3,0,1,10.0,0,2,24.15,2
1266,3,0,0,36.0,1,1,24.15,2
1267,3,0,1,30.0,1,1,24.15,2
1269,3,0,0,33.0,0,0,9.5,2
1270,3,0,0,28.0,0,0,9.5,2
1271,3,0,0,28.0,0,0,9.5,2
1272,3,0,0,47.0,0,0,9.0,2
1273,3,0,1,18.0,2,0,18.0,2
1274,3,0,0,31.0,3,0,18.0,2
1275,3,0,0,16.0,2,0,18.0,2
1276,3,0,1,31.0,1,0,18.0,2
1277,3,1,0,22.0,0,0,7.225,0
1278,3,0,0,20.0,0,0,7.8542,2
1279,3,0,1,14.0,0,0,7.8542,2
1280,3,0,0,22.0,0,0,7.8958,2
1281,3,0,0,22.0,0,0,9.0,2
1285,3,0,0,32.5,0,0,9.5,2
1286,3,1,1,38.0,0,0,7.2292,0
1287,3,0,0,51.0,0,0,7.75,2
1288,3,0,0,18.0,1,0,6.4958,2
1289,3,0,0,21.0,1,0,6.4958,2
1290,3,1,1,47.0,1,0,7.0,2
1294,3,0,0,28.5,0,0,16.1,2
1295,3,0,0,21.0,0,0,7.25,2
1296,3,0,0,27.0,0,0,8.6625,2
1298,3,0,0,36.0,0,0,9.5,2
1299,3,0,0,27.0,1,0,14.4542,0
1300,3,1,1,15.0,1,0,14.4542,0
1301,3,0,0,45.5,0,0,7.225,0
1304,3,0,1,14.5,1,0,14.4542,0
1306,3,0,0,26.5,0,0,7.225,0
1307,3,0,0,27.0,0,0,7.225,0
1308,3,0,0,29.0,0,0,7.875,2
