0,73,73,54,1.0,1.3518518518518519,1.3518518518518519
1,71,55,74,1.290909090909091,0.7432432432432432,0.9594594594594594
2,64,75,61,0.8533333333333334,1.2295081967213115,1.0491803278688525
3,67,64,69,1.046875,0.927536231884058,0.9710144927536232
4,50,77,73,0.6493506493506493,1.0547945205479452,0.684931506849315
5,77,59,64,1.305084745762712,0.921875,1.203125
6,63,67,70,0.9402985074626866,0.9571428571428572,0.9
7,64,70,66,0.9142857142857143,1.0606060606060606,0.9696969696969697
8,75,59,66,1.271186440677966,0.8939393939393939,1.1363636363636365
9,56,78,66,0.717948717948718,1.1818181818181819,0.8484848484848485
10,67,71,62,0.9436619718309859,1.1451612903225807,1.0806451612903225
11,57,64,79,0.890625,0.810126582278481,0.7215189873417721
12,76,60,64,1.2666666666666666,0.9375,1.1875
13,70,65,65,1.0769230769230769,1.0,1.0769230769230769
14,70,63,67,1.1111111111111112,0.9402985074626866,1.044776119402985
15,62,62,76,1.0,0.8157894736842105,0.8157894736842105
16,60,72,68,0.8333333333333334,1.0588235294117647,0.8823529411764706
17,61,64,75,0.953125,0.8533333333333334,0.8133333333333334
18,71,71,58,1.0,1.2241379310344827,1.2241379310344827
19,58,70,72,0.8285714285714286,0.9722222222222222,0.8055555555555556
20,72,60,68,1.2,0.8823529411764706,1.0588235294117647
21,72,64,64,1.125,1.0,1.125
22,61,69,70,0.8840579710144928,0.9857142857142858,0.8714285714285714
23,60,65,75,0.9230769230769231,0.8666666666666667,0.8
24,68,59,73,1.152542372881356,0.8082191780821918,0.9315068493150684
25,58,74,68,0.7837837837837838,1.088235294117647,0.8529411764705882
26,58,69,73,0.8405797101449275,0.9452054794520548,0.7945205479452054
27,55,70,75,0.7857142857142857,0.9333333333333333,0.7333333333333333
28,79,60,61,1.3166666666666667,0.9836065573770492,1.2950819672131149
29,62,73,65,0.8493150684931506,1.123076923076923,0.9538461538461539
30,78,59,63,1.3220338983050848,0.9365079365079365,1.2380952380952381
31,66,80,54,0.825,1.4814814814814814,1.2222222222222223
32,57,67,76,0.8507462686567164,0.881578947368421,0.75
33,68,56,76,1.2142857142857142,0.7368421052631579,0.8947368421052632
34,69,63,68,1.0952380952380953,0.9264705882352942,1.0147058823529411
35,76,61,63,1.2459016393442623,0.9682539682539683,1.2063492063492063
36,65,84,51,0.7738095238095238,1.6470588235294117,1.2745098039215685
37,75,60,65,1.25,0.9230769230769231,1.1538461538461537
38,68,66,66,1.0303030303030303,1.0,1.0303030303030303
39,68,63,69,1.0793650793650793,0.9130434782608695,0.9855072463768116
40,69,60,71,1.15,0.8450704225352113,0.971830985915493
41,53,72,75,0.7361111111111112,0.96,0.7066666666666667
42,70,75,55,0.9333333333333333,1.3636363636363635,1.2727272727272727
43,72,65,63,1.1076923076923078,1.0317460317460319,1.1428571428571428
44,73,62,65,1.1774193548387097,0.9538461538461539,1.123076923076923
45,73,64,63,1.140625,1.0158730158730158,1.1587301587301588
46,59,74,67,0.7972972972972973,1.1044776119402986,0.8805970149253731
47,66,64,70,1.03125,0.9142857142857143,0.9428571428571428
48,63,69,68,0.9130434782608695,1.0147058823529411,0.9264705882352942
49,73,62,65,1.1774193548387097,0.9538461538461539,1.123076923076923
50,83,59,58,1.4067796610169492,1.0172413793103448,1.4310344827586208
51,65,70,65,0.9285714285714286,1.0769230769230769,1.0
52,56,62,82,0.9032258064516129,0.7560975609756098,0.6829268292682927
53,65,65,70,1.0,0.9285714285714286,0.9285714285714286
54,69,72,59,0.9583333333333334,1.2203389830508475,1.1694915254237288
55,65,69,66,0.9420289855072463,1.0454545454545454,0.9848484848484849
56,64,56,80,1.1428571428571428,0.7,0.8
57,71,66,63,1.0757575757575757,1.0476190476190477,1.126984126984127
58,62,65,73,0.9538461538461539,0.8904109589041096,0.8493150684931506
59,65,65,70,1.0,0.9285714285714286,0.9285714285714286
60,61,82,57,0.7439024390243902,1.4385964912280702,1.0701754385964912
61,71,69,60,1.0289855072463767,1.15,1.1833333333333333
62,74,65,61,1.1384615384615384,1.0655737704918034,1.2131147540983607
63,63,56,81,1.125,0.691358024691358,0.7777777777777778
64,71,56,73,1.2678571428571428,0.7671232876712328,0.9726027397260274
65,64,60,76,1.0666666666666667,0.7894736842105263,0.8421052631578947
66,67,63,70,1.0634920634920635,0.9,0.9571428571428572
67,60,75,65,0.8,1.1538461538461537,0.9230769230769231
68,61,68,71,0.8970588235294118,0.9577464788732394,0.8591549295774648
69,58,76,66,0.7631578947368421,1.1515151515151516,0.8787878787878788
70,60,78,62,0.7692307692307693,1.2580645161290323,0.967741935483871
71,64,66,70,0.9696969696969697,0.9428571428571428,0.9142857142857143
72,56,65,79,0.8615384615384616,0.8227848101265823,0.7088607594936709
73,61,70,69,0.8714285714285714,1.0144927536231885,0.8840579710144928
74,52,67,81,0.7761194029850746,0.8271604938271605,0.6419753086419753
75,57,81,62,0.7037037037037037,1.3064516129032258,0.9193548387096774
76,56,77,67,0.7272727272727273,1.1492537313432836,0.835820895522388
77,75,71,54,1.056338028169014,1.3148148148148149,1.3888888888888888
78,74,67,59,1.1044776119402986,1.1355932203389831,1.2542372881355932
79,76,60,64,1.2666666666666666,0.9375,1.1875
80,76,62,62,1.2258064516129032,1.0,1.2258064516129032
81,69,66,65,1.0454545454545454,1.0153846153846153,1.0615384615384615
82,69,63,68,1.0952380952380953,0.9264705882352942,1.0147058823529411
83,71,57,72,1.2456140350877194,0.7916666666666666,0.9861111111111112
84,73,73,54,1.0,1.3518518518518519,1.3518518518518519
85,71,59,70,1.2033898305084745,0.8428571428571429,1.0142857142857142
86,58,66,76,0.8787878787878788,0.868421052631579,0.7631578947368421
87,62,70,68,0.8857142857142857,1.0294117647058822,0.9117647058823529
88,70,66,64,1.0606060606060606,1.03125,1.09375
89,77,60,63,1.2833333333333334,0.9523809523809523,1.2222222222222223
90,73,60,67,1.2166666666666666,0.8955223880597015,1.0895522388059702
91,60,67,73,0.8955223880597015,0.9178082191780822,0.821917808219178
92,75,64,61,1.171875,1.0491803278688525,1.2295081967213115
93,68,65,67,1.0461538461538462,0.9701492537313433,1.0149253731343284
94,71,58,71,1.2241379310344827,0.8169014084507042,1.0
95,61,82,57,0.7439024390243902,1.4385964912280702,1.0701754385964912
96,60,79,61,0.759493670886076,1.2950819672131149,0.9836065573770492
97,65,71,64,0.9154929577464789,1.109375,1.015625
98,58,66,76,0.8787878787878788,0.868421052631579,0.7631578947368421
99,66,75,59,0.88,1.271186440677966,1.11864406779661
100,64,47,89,1.3617021276595744,0.5280898876404494,0.7191011235955056
101,70,64,66,1.09375,0.9696969696969697,1.0606060606060606
102,70,64,66,1.09375,0.9696969696969697,1.0606060606060606
103,61,80,59,0.7625,1.3559322033898304,1.0338983050847457
104,76,68,56,1.1176470588235294,1.2142857142857142,1.3571428571428572
105,73,64,63,1.140625,1.0158730158730158,1.1587301587301588
106,53,63,84,0.8412698412698413,0.75,0.6309523809523809
107,61,70,69,0.8714285714285714,1.0144927536231885,0.8840579710144928
108,60,71,69,0.8450704225352113,1.0289855072463767,0.8695652173913043
109,62,77,61,0.8051948051948052,1.2622950819672132,1.0163934426229508
110,62,73,65,0.8493150684931506,1.123076923076923,0.9538461538461539
111,60,76,64,0.7894736842105263,1.1875,0.9375
112,71,63,66,1.126984126984127,0.9545454545454546,1.0757575757575757
113,64,65,71,0.9846153846153847,0.9154929577464789,0.9014084507042254
114,73,59,68,1.2372881355932204,0.8676470588235294,1.0735294117647058
115,72,66,62,1.0909090909090908,1.064516129032258,1.1612903225806452
116,74,66,60,1.121212121212121,1.1,1.2333333333333334
117,61,68,71,0.8970588235294118,0.9577464788732394,0.8591549295774648
118,57,64,79,0.890625,0.810126582278481,0.7215189873417721
119,72,75,53,0.96,1.4150943396226414,1.3584905660377358
120,66,67,67,0.9850746268656716,1.0,0.9850746268656716
121,69,63,68,1.0952380952380953,0.9264705882352942,1.0147058823529411
122,59,77,64,0.7662337662337663,1.203125,0.921875
123,77,61,62,1.2622950819672132,0.9838709677419355,1.2419354838709677
124,74,68,58,1.088235294117647,1.1724137931034482,1.2758620689655173
125,67,73,60,0.9178082191780822,1.2166666666666666,1.1166666666666667
126,70,64,66,1.09375,0.9696969696969697,1.0606060606060606
127,54,60,86,0.9,0.6976744186046512,0.627906976744186
128,71,69,60,1.0289855072463767,1.15,1.1833333333333333
129,67,64,69,1.046875,0.927536231884058,0.9710144927536232
130,60,66,74,0.9090909090909091,0.8918918918918919,0.8108108108108109
131,66,78,56,0.8461538461538461,1.3928571428571428,1.1785714285714286
132,66,72,62,0.9166666666666666,1.1612903225806452,1.064516129032258
133,65,72,63,0.9027777777777778,1.1428571428571428,1.0317460317460319
134,62,72,66,0.8611111111111112,1.0909090909090908,0.9393939393939394
135,63,76,61,0.8289473684210527,1.2459016393442623,1.0327868852459017
136,71,56,73,1.2678571428571428,0.7671232876712328,0.9726027397260274
137,63,73,64,0.863013698630137,1.140625,0.984375
138,65,57,78,1.1403508771929824,0.7307692307692307,0.8333333333333334
139,70,58,72,1.206896551724138,0.8055555555555556,0.9722222222222222
140,62,75,63,0.8266666666666667,1.1904761904761905,0.9841269841269841
141,66,78,56,0.8461538461538461,1.3928571428571428,1.1785714285714286
142,63,74,63,0.8513513513513513,1.1746031746031746,1.0
143,64,72,64,0.8888888888888888,1.125,1.0
144,62,62,76,1.0,0.8157894736842105,0.8157894736842105
145,65,69,66,0.9420289855072463,1.0454545454545454,0.9848484848484849
146,67,70,63,0.9571428571428572,1.1111111111111112,1.0634920634920635
147,56,73,71,0.7671232876712328,1.028169014084507,0.7887323943661971
148,67,72,61,0.9305555555555556,1.180327868852459,1.098360655737705
149,74,62,64,1.1935483870967742,0.96875,1.15625
150,64,61,75,1.0491803278688525,0.8133333333333334,0.8533333333333334
151,70,77,53,0.9090909090909091,1.4528301886792452,1.320754716981132
152,67,68,65,0.9852941176470589,1.0461538461538462,1.0307692307692307
153,60,66,74,0.9090909090909091,0.8918918918918919,0.8108108108108109
154,70,69,61,1.0144927536231885,1.1311475409836065,1.1475409836065573
155,67,65,68,1.0307692307692307,0.9558823529411765,0.9852941176470589
156,69,74,57,0.9324324324324325,1.2982456140350878,1.2105263157894737
157,61,54,85,1.1296296296296295,0.6352941176470588,0.7176470588235294
158,60,71,69,0.8450704225352113,1.0289855072463767,0.8695652173913043
159,69,74,57,0.9324324324324325,1.2982456140350878,1.2105263157894737
160,55,60,85,0.9166666666666666,0.7058823529411765,0.6470588235294118
161,57,61,82,0.9344262295081968,0.7439024390243902,0.6951219512195121
162,77,60,63,1.2833333333333334,0.9523809523809523,1.2222222222222223
163,72,68,60,1.0588235294117647,1.1333333333333333,1.2
164,75,63,62,1.1904761904761905,1.0161290322580645,1.2096774193548387
165,73,61,66,1.1967213114754098,0.9242424242424242,1.106060606060606
166,72,65,63,1.1076923076923078,1.0317460317460319,1.1428571428571428
167,68,68,64,1.0,1.0625,1.0625
168,62,69,69,0.8985507246376812,1.0,0.8985507246376812
169,65,67,68,0.9701492537313433,0.9852941176470589,0.9558823529411765
170,66,75,59,0.88,1.271186440677966,1.11864406779661
171,65,67,68,0.9701492537313433,0.9852941176470589,0.9558823529411765
172,68,58,74,1.1724137931034482,0.7837837837837838,0.918918918918919
173,61,65,74,0.9384615384615385,0.8783783783783784,0.8243243243243243
174,59,64,77,0.921875,0.8311688311688312,0.7662337662337663
175,69,62,69,1.1129032258064515,0.8985507246376812,1.0
176,59,73,68,0.8082191780821918,1.0735294117647058,0.8676470588235294
177,68,65,67,1.0461538461538462,0.9701492537313433,1.0149253731343284
178,56,72,72,0.7777777777777778,1.0,0.7777777777777778
179,72,70,58,1.0285714285714285,1.206896551724138,1.2413793103448276
180,68,75,57,0.9066666666666666,1.3157894736842106,1.1929824561403508
181,67,72,61,0.9305555555555556,1.180327868852459,1.098360655737705
182,77,70,53,1.1,1.320754716981132,1.4528301886792452
183,65,57,78,1.1403508771929824,0.7307692307692307,0.8333333333333334
184,74,61,65,1.2131147540983607,0.9384615384615385,1.1384615384615384
185,73,65,62,1.123076923076923,1.0483870967741935,1.1774193548387097
186,64,65,71,0.9846153846153847,0.9154929577464789,0.9014084507042254
187,71,72,57,0.9861111111111112,1.263157894736842,1.2456140350877194
188,72,59,69,1.2203389830508475,0.855072463768116,1.0434782608695652
189,59,71,70,0.8309859154929577,1.0142857142857142,0.8428571428571429
190,69,73,58,0.9452054794520548,1.2586206896551724,1.1896551724137931
191,75,71,54,1.056338028169014,1.3148148148148149,1.3888888888888888
192,72,58,70,1.2413793103448276,0.8285714285714286,1.0285714285714285
193,83,61,56,1.360655737704918,1.0892857142857142,1.4821428571428572
194,75,65,60,1.1538461538461537,1.0833333333333333,1.25
195,68,67,65,1.0149253731343284,1.0307692307692307,1.0461538461538462
196,61,64,75,0.953125,0.8533333333333334,0.8133333333333334
197,62,72,66,0.8611111111111112,1.0909090909090908,0.9393939393939394
198,72,53,75,1.3584905660377358,0.7066666666666667,0.96
199,69,60,71,1.15,0.8450704225352113,0.971830985915493
200,73,62,65,1.1774193548387097,0.9538461538461539,1.123076923076923
201,62,81,57,0.7654320987654321,1.4210526315789473,1.087719298245614
202,80,73,47,1.095890410958904,1.553191489361702,1.702127659574468
203,80,55,65,1.4545454545454546,0.8461538461538461,1.2307692307692308
204,68,68,64,1.0,1.0625,1.0625
205,63,66,71,0.9545454545454546,0.9295774647887324,0.8873239436619719
206,72,61,67,1.180327868852459,0.9104477611940298,1.0746268656716418
207,61,67,72,0.9104477611940298,0.9305555555555556,0.8472222222222222
208,60,75,65,0.8,1.1538461538461537,0.9230769230769231
209,60,62,78,0.967741935483871,0.7948717948717948,0.7692307692307693
210,71,68,61,1.0441176470588236,1.1147540983606556,1.1639344262295082
211,56,64,80,0.875,0.8,0.7
212,63,61,76,1.0327868852459017,0.8026315789473685,0.8289473684210527
213,74,58,68,1.2758620689655173,0.8529411764705882,1.088235294117647
214,59,67,74,0.8805970149253731,0.9054054054054054,0.7972972972972973
215,69,64,67,1.078125,0.9552238805970149,1.0298507462686568
216,67,60,73,1.1166666666666667,0.821917808219178,0.9178082191780822
217,69,65,66,1.0615384615384615,0.9848484848484849,1.0454545454545454
218,57,70,73,0.8142857142857143,0.958904109589041,0.7808219178082192
219,71,67,62,1.0597014925373134,1.0806451612903225,1.1451612903225807
220,79,65,56,1.2153846153846153,1.1607142857142858,1.4107142857142858
221,75,59,66,1.271186440677966,0.8939393939393939,1.1363636363636365
222,55,76,69,0.7236842105263158,1.1014492753623188,0.7971014492753623
223,63,71,66,0.8873239436619719,1.0757575757575757,0.9545454545454546
224,53,77,70,0.6883116883116883,1.1,0.7571428571428571
225,59,78,63,0.7564102564102564,1.2380952380952381,0.9365079365079365
226,65,71,64,0.9154929577464789,1.109375,1.015625
227,69,55,76,1.2545454545454546,0.7236842105263158,0.9078947368421053
228,61,67,72,0.9104477611940298,0.9305555555555556,0.8472222222222222
229,71,67,62,1.0597014925373134,1.0806451612903225,1.1451612903225807
230,59,61,80,0.9672131147540983,0.7625,0.7375
231,82,51,67,1.607843137254902,0.7611940298507462,1.2238805970149254
232,73,72,55,1.0138888888888888,1.309090909090909,1.3272727272727274
233,76,66,58,1.1515151515151516,1.1379310344827587,1.3103448275862069
234,68,63,69,1.0793650793650793,0.9130434782608695,0.9855072463768116
235,66,63,71,1.0476190476190477,0.8873239436619719,0.9295774647887324
236,52,76,72,0.6842105263157895,1.0555555555555556,0.7222222222222222
237,66,61,73,1.0819672131147542,0.8356164383561644,0.9041095890410958
238,68,68,64,1.0,1.0625,1.0625
239,66,66,68,1.0,0.9705882352941176,0.9705882352941176
240,62,75,63,0.8266666666666667,1.1904761904761905,0.9841269841269841
241,59,77,64,0.7662337662337663,1.203125,0.921875
242,70,69,61,1.0144927536231885,1.1311475409836065,1.1475409836065573
243,67,67,66,1.0,1.0151515151515151,1.0151515151515151
244,73,58,69,1.2586206896551724,0.8405797101449275,1.0579710144927537
245,68,61,71,1.1147540983606556,0.8591549295774648,0.9577464788732394
246,63,59,78,1.0677966101694916,0.7564102564102564,0.8076923076923077
247,69,62,69,1.1129032258064515,0.8985507246376812,1.0
248,80,60,60,1.3333333333333333,1.0,1.3333333333333333
249,66,71,63,0.9295774647887324,1.126984126984127,1.0476190476190477
250,64,67,69,0.9552238805970149,0.9710144927536232,0.927536231884058
251,65,69,66,0.9420289855072463,1.0454545454545454,0.9848484848484849
252,67,65,68,1.0307692307692307,0.9558823529411765,0.9852941176470589
253,60,71,69,0.8450704225352113,1.0289855072463767,0.8695652173913043
254,71,67,62,1.0597014925373134,1.0806451612903225,1.1451612903225807
255,66,63,71,1.0476190476190477,0.8873239436619719,0.9295774647887324
256,76,52,72,1.4615384615384615,0.7222222222222222,1.0555555555555556
257,64,79,57,0.810126582278481,1.3859649122807018,1.1228070175438596
258,76,71,53,1.0704225352112675,1.3396226415094339,1.4339622641509433
259,69,57,74,1.2105263157894737,0.7702702702702703,0.9324324324324325
260,74,77,49,0.961038961038961,1.5714285714285714,1.510204081632653
261,74,67,59,1.1044776119402986,1.1355932203389831,1.2542372881355932
262,61,69,70,0.8840579710144928,0.9857142857142858,0.8714285714285714
263,72,58,70,1.2413793103448276,0.8285714285714286,1.0285714285714285
264,82,55,63,1.490909090909091,0.873015873015873,1.3015873015873016
265,70,65,65,1.0769230769230769,1.0,1.0769230769230769
266,69,59,72,1.1694915254237288,0.8194444444444444,0.9583333333333334
267,53,70,77,0.7571428571428571,0.9090909090909091,0.6883116883116883
268,76,58,66,1.3103448275862069,0.8787878787878788,1.1515151515151516
269,72,63,65,1.1428571428571428,0.9692307692307692,1.1076923076923078
270,68,68,64,1.0,1.0625,1.0625
271,70,56,74,1.25,0.7567567567567568,0.9459459459459459
272,63,61,76,1.0327868852459017,0.8026315789473685,0.8289473684210527
273,66,66,68,1.0,0.9705882352941176,0.9705882352941176
274,74,58,68,1.2758620689655173,0.8529411764705882,1.088235294117647
275,68,78,54,0.8717948717948718,1.4444444444444444,1.2592592592592593
276,72,66,62,1.0909090909090908,1.064516129032258,1.1612903225806452
277,66,59,75,1.11864406779661,0.7866666666666666,0.88
278,67,62,71,1.0806451612903225,0.8732394366197183,0.9436619718309859
279,63,68,69,0.9264705882352942,0.9855072463768116,0.9130434782608695
280,68,61,71,1.1147540983606556,0.8591549295774648,0.9577464788732394
281,74,55,71,1.3454545454545455,0.7746478873239436,1.0422535211267605
282,72,60,68,1.2,0.8823529411764706,1.0588235294117647
283,61,69,70,0.8840579710144928,0.9857142857142858,0.8714285714285714
284,67,60,73,1.1166666666666667,0.821917808219178,0.9178082191780822
285,68,62,70,1.096774193548387,0.8857142857142857,0.9714285714285714
286,64,71,65,0.9014084507042254,1.0923076923076922,0.9846153846153847
287,76,57,67,1.3333333333333333,0.8507462686567164,1.1343283582089552
288,63,66,71,0.9545454545454546,0.9295774647887324,0.8873239436619719
289,67,65,68,1.0307692307692307,0.9558823529411765,0.9852941176470589
290,76,62,62,1.2258064516129032,1.0,1.2258064516129032
291,73,66,61,1.106060606060606,1.0819672131147542,1.1967213114754098
292,71,61,68,1.1639344262295082,0.8970588235294118,1.0441176470588236
293,61,74,65,0.8243243243243243,1.1384615384615384,0.9384615384615385
294,73,65,62,1.123076923076923,1.0483870967741935,1.1774193548387097
295,60,69,71,0.8695652173913043,0.971830985915493,0.8450704225352113
296,70,60,70,1.1666666666666667,0.8571428571428571,1.0
297,68,66,66,1.0303030303030303,1.0,1.0303030303030303
298,66,79,55,0.8354430379746836,1.4363636363636363,1.2
299,69,56,75,1.2321428571428572,0.7466666666666667,0.92
300,60,64,76,0.9375,0.8421052631578947,0.7894736842105263
301,65,67,68,0.9701492537313433,0.9852941176470589,0.9558823529411765
302,70,59,71,1.1864406779661016,0.8309859154929577,0.9859154929577465
303,72,74,54,0.972972972972973,1.3703703703703705,1.3333333333333333
304,62,60,78,1.0333333333333334,0.7692307692307693,0.7948717948717948
305,57,65,78,0.8769230769230769,0.8333333333333334,0.7307692307692307
306,65,67,68,0.9701492537313433,0.9852941176470589,0.9558823529411765
307,68,67,65,1.0149253731343284,1.0307692307692307,1.0461538461538462
308,74,68,58,1.088235294117647,1.1724137931034482,1.2758620689655173
309,73,64,63,1.140625,1.0158730158730158,1.1587301587301588
310,77,63,60,1.2222222222222223,1.05,1.2833333333333334
311,64,67,69,0.9552238805970149,0.9710144927536232,0.927536231884058
312,67,78,55,0.8589743589743589,1.4181818181818182,1.2181818181818183
313,71,68,61,1.0441176470588236,1.1147540983606556,1.1639344262295082
314,64,67,69,0.9552238805970149,0.9710144927536232,0.927536231884058
315,59,62,79,0.9516129032258065,0.7848101265822784,0.7468354430379747
316,71,62,67,1.1451612903225807,0.9253731343283582,1.0597014925373134
317,62,69,69,0.8985507246376812,1.0,0.8985507246376812
318,63,65,72,0.9692307692307692,0.9027777777777778,0.875
319,69,64,67,1.078125,0.9552238805970149,1.0298507462686568
320,63,66,71,0.9545454545454546,0.9295774647887324,0.8873239436619719
321,59,64,77,0.921875,0.8311688311688312,0.7662337662337663
322,54,74,72,0.7297297297297297,1.0277777777777777,0.75
323,61,60,79,1.0166666666666666,0.759493670886076,0.7721518987341772
324,76,71,53,1.0704225352112675,1.3396226415094339,1.4339622641509433
325,58,77,65,0.7532467532467533,1.1846153846153846,0.8923076923076924
326,66,71,63,0.9295774647887324,1.126984126984127,1.0476190476190477
327,76,67,57,1.1343283582089552,1.1754385964912282,1.3333333333333333
328,71,52,77,1.3653846153846154,0.6753246753246753,0.922077922077922
329,73,68,59,1.0735294117647058,1.152542372881356,1.2372881355932204
330,57,79,64,0.7215189873417721,1.234375,0.890625
331,62,68,70,0.9117647058823529,0.9714285714285714,0.8857142857142857
332,64,69,67,0.927536231884058,1.0298507462686568,0.9552238805970149
333,69,60,71,1.15,0.8450704225352113,0.971830985915493
334,63,64,73,0.984375,0.8767123287671232,0.863013698630137
335,58,69,73,0.8405797101449275,0.9452054794520548,0.7945205479452054
336,65,64,71,1.015625,0.9014084507042254,0.9154929577464789
337,65,66,69,0.9848484848484849,0.9565217391304348,0.9420289855072463
338,72,61,67,1.180327868852459,0.9104477611940298,1.0746268656716418
339,73,61,66,1.1967213114754098,0.9242424242424242,1.106060606060606
340,70,62,68,1.1290322580645162,0.9117647058823529,1.0294117647058822
341,54,68,78,0.7941176470588235,0.8717948717948718,0.6923076923076923
342,73,72,55,1.0138888888888888,1.309090909090909,1.3272727272727274
343,65,60,75,1.0833333333333333,0.8,0.8666666666666667
344,68,66,66,1.0303030303030303,1.0,1.0303030303030303
345,56,71,73,0.7887323943661971,0.9726027397260274,0.7671232876712328
346,63,61,76,1.0327868852459017,0.8026315789473685,0.8289473684210527
347,75,61,64,1.2295081967213115,0.953125,1.171875
348,66,63,71,1.0476190476190477,0.8873239436619719,0.9295774647887324
349,65,64,71,1.015625,0.9014084507042254,0.9154929577464789
350,64,73,63,0.8767123287671232,1.1587301587301588,1.0158730158730158
351,68,76,56,0.8947368421052632,1.3571428571428572,1.2142857142857142
352,73,58,69,1.2586206896551724,0.8405797101449275,1.0579710144927537
353,70,73,57,0.958904109589041,1.280701754385965,1.2280701754385965
354,65,58,77,1.1206896551724137,0.7532467532467533,0.8441558441558441
355,64,67,69,0.9552238805970149,0.9710144927536232,0.927536231884058
356,66,65,69,1.0153846153846153,0.9420289855072463,0.9565217391304348
357,72,69,59,1.0434782608695652,1.1694915254237288,1.2203389830508475
358,61,81,58,0.7530864197530864,1.396551724137931,1.0517241379310345
359,55,68,77,0.8088235294117647,0.8831168831168831,0.7142857142857143
360,62,74,64,0.8378378378378378,1.15625,0.96875
361,63,73,64,0.863013698630137,1.140625,0.984375
362,65,73,62,0.8904109589041096,1.1774193548387097,1.0483870967741935
363,75,61,64,1.2295081967213115,0.953125,1.171875
364,64,63,73,1.0158730158730158,0.863013698630137,0.8767123287671232
365,77,64,59,1.203125,1.0847457627118644,1.305084745762712
366,63,75,62,0.84,1.2096774193548387,1.0161290322580645
367,65,68,67,0.9558823529411765,1.0149253731343284,0.9701492537313433
368,86,67,47,1.2835820895522387,1.425531914893617,1.8297872340425532
369,52,70,78,0.7428571428571429,0.8974358974358975,0.6666666666666666
370,66,63,71,1.0476190476190477,0.8873239436619719,0.9295774647887324
371,62,76,62,0.8157894736842105,1.2258064516129032,1.0
372,56,77,67,0.7272727272727273,1.1492537313432836,0.835820895522388
373,68,67,65,1.0149253731343284,1.0307692307692307,1.0461538461538462
374,61,62,77,0.9838709677419355,0.8051948051948052,0.7922077922077922
375,74,62,64,1.1935483870967742,0.96875,1.15625
376,64,63,73,1.0158730158730158,0.863013698630137,0.8767123287671232
377,68,67,65,1.0149253731343284,1.0307692307692307,1.0461538461538462
378,63,76,61,0.8289473684210527,1.2459016393442623,1.0327868852459017
379,78,62,60,1.2580645161290323,1.0333333333333334,1.3
380,70,68,62,1.0294117647058822,1.096774193548387,1.1290322580645162
381,72,64,64,1.125,1.0,1.125
382,80,66,54,1.2121212121212122,1.2222222222222223,1.4814814814814814
383,59,71,70,0.8309859154929577,1.0142857142857142,0.8428571428571429
384,71,59,70,1.2033898305084745,0.8428571428571429,1.0142857142857142
385,70,66,64,1.0606060606060606,1.03125,1.09375
386,67,64,69,1.046875,0.927536231884058,0.9710144927536232
387,61,65,74,0.9384615384615385,0.8783783783783784,0.8243243243243243
388,72,68,60,1.0588235294117647,1.1333333333333333,1.2
389,71,68,61,1.0441176470588236,1.1147540983606556,1.1639344262295082
390,71,69,60,1.0289855072463767,1.15,1.1833333333333333
391,61,69,70,0.8840579710144928,0.9857142857142858,0.8714285714285714
392,67,59,74,1.1355932203389831,0.7972972972972973,0.9054054054054054
393,63,63,74,1.0,0.8513513513513513,0.8513513513513513
394,72,61,67,1.180327868852459,0.9104477611940298,1.0746268656716418
395,67,78,55,0.8589743589743589,1.4181818181818182,1.2181818181818183
396,68,69,63,0.9855072463768116,1.0952380952380953,1.0793650793650793
397,59,80,61,0.7375,1.3114754098360655,0.9672131147540983
398,79,57,64,1.3859649122807018,0.890625,1.234375
399,61,71,68,0.8591549295774648,1.0441176470588236,0.8970588235294118
400,68,63,69,1.0793650793650793,0.9130434782608695,0.9855072463768116
401,61,66,73,0.9242424242424242,0.9041095890410958,0.8356164383561644
402,69,61,70,1.1311475409836065,0.8714285714285714,0.9857142857142858
403,69,63,68,1.0952380952380953,0.9264705882352942,1.0147058823529411
404,60,72,68,0.8333333333333334,1.0588235294117647,0.8823529411764706
405,66,69,65,0.9565217391304348,1.0615384615384615,1.0153846153846153
406,68,65,67,1.0461538461538462,0.9701492537313433,1.0149253731343284
407,53,71,76,0.7464788732394366,0.9342105263157895,0.6973684210526315
408,59,70,71,0.8428571428571429,0.9859154929577465,0.8309859154929577
409,78,50,72,1.56,0.6944444444444444,1.0833333333333333
410,73,65,62,1.123076923076923,1.0483870967741935,1.1774193548387097
411,64,83,53,0.7710843373493976,1.5660377358490567,1.2075471698113207
412,79,63,58,1.253968253968254,1.0862068965517242,1.3620689655172413
413,64,70,66,0.9142857142857143,1.0606060606060606,0.9696969696969697
414,61,81,58,0.7530864197530864,1.396551724137931,1.0517241379310345
415,68,63,69,1.0793650793650793,0.9130434782608695,0.9855072463768116
416,73,62,65,1.1774193548387097,0.9538461538461539,1.123076923076923
417,71,61,68,1.1639344262295082,0.8970588235294118,1.0441176470588236
418,63,67,70,0.9402985074626866,0.9571428571428572,0.9
419,62,56,82,1.1071428571428572,0.6829268292682927,0.7560975609756098
420,62,57,81,1.087719298245614,0.7037037037037037,0.7654320987654321
421,71,65,64,1.0923076923076922,1.015625,1.109375
422,57,73,70,0.7808219178082192,1.042857142857143,0.8142857142857143
423,69,71,60,0.971830985915493,1.1833333333333333,1.15
424,62,73,65,0.8493150684931506,1.123076923076923,0.9538461538461539
425,71,59,70,1.2033898305084745,0.8428571428571429,1.0142857142857142
426,67,71,62,0.9436619718309859,1.1451612903225807,1.0806451612903225
427,74,69,57,1.0724637681159421,1.2105263157894737,1.2982456140350878
428,65,59,76,1.1016949152542372,0.7763157894736842,0.8552631578947368
429,71,59,70,1.2033898305084745,0.8428571428571429,1.0142857142857142
430,64,71,65,0.9014084507042254,1.0923076923076922,0.9846153846153847
431,62,66,72,0.9393939393939394,0.9166666666666666,0.8611111111111112
432,61,76,63,0.8026315789473685,1.2063492063492063,0.9682539682539683
433,62,65,73,0.9538461538461539,0.8904109589041096,0.8493150684931506
434,64,73,63,0.8767123287671232,1.1587301587301588,1.0158730158730158
435,67,61,72,1.098360655737705,0.8472222222222222,0.9305555555555556
436,67,72,61,0.9305555555555556,1.180327868852459,1.098360655737705
437,69,54,77,1.2777777777777777,0.7012987012987013,0.8961038961038961
438,64,63,73,1.0158730158730158,0.863013698630137,0.8767123287671232
439,68,68,64,1.0,1.0625,1.0625
440,64,63,73,1.0158730158730158,0.863013698630137,0.8767123287671232
441,65,66,69,0.9848484848484849,0.9565217391304348,0.9420289855072463
442,65,74,61,0.8783783783783784,1.2131147540983607,1.0655737704918034
443,57,75,68,0.76,1.1029411764705883,0.8382352941176471
444,53,72,75,0.7361111111111112,0.96,0.7066666666666667
445,63,69,68,0.9130434782608695,1.0147058823529411,0.9264705882352942
446,79,64,57,1.234375,1.1228070175438596,1.3859649122807018
447,68,75,57,0.9066666666666666,1.3157894736842106,1.1929824561403508
448,75,75,50,1.0,1.5,1.5
449,76,55,69,1.3818181818181818,0.7971014492753623,1.1014492753623188
450,73,63,64,1.1587301587301588,0.984375,1.140625
451,60,76,64,0.7894736842105263,1.1875,0.9375
452,60,77,63,0.7792207792207793,1.2222222222222223,0.9523809523809523
453,66,63,71,1.0476190476190477,0.8873239436619719,0.9295774647887324
454,74,63,63,1.1746031746031746,1.0,1.1746031746031746
455,74,62,64,1.1935483870967742,0.96875,1.15625
456,57,81,62,0.7037037037037037,1.3064516129032258,0.9193548387096774
457,77,60,63,1.2833333333333334,0.9523809523809523,1.2222222222222223
458,73,69,58,1.0579710144927537,1.1896551724137931,1.2586206896551724
459,66,66,68,1.0,0.9705882352941176,0.9705882352941176
460,54,83,63,0.6506024096385542,1.3174603174603174,0.8571428571428571
461,68,64,68,1.0625,0.9411764705882353,1.0
462,52,80,68,0.65,1.1764705882352942,0.7647058823529411
463,65,67,68,0.9701492537313433,0.9852941176470589,0.9558823529411765
464,67,68,65,0.9852941176470589,1.0461538461538462,1.0307692307692307
465,66,70,64,0.9428571428571428,1.09375,1.03125
466,67,64,69,1.046875,0.927536231884058,0.9710144927536232
467,65,59,76,1.1016949152542372,0.7763157894736842,0.8552631578947368
468,66,70,64,0.9428571428571428,1.09375,1.03125
469,79,58,63,1.3620689655172413,0.9206349206349206,1.253968253968254
470,69,75,56,0.92,1.3392857142857142,1.2321428571428572
471,62,60,78,1.0333333333333334,0.7692307692307693,0.7948717948717948
472,79,71,50,1.1126760563380282,1.42,1.58
473,74,65,61,1.1384615384615384,1.0655737704918034,1.2131147540983607
474,73,66,61,1.106060606060606,1.0819672131147542,1.1967213114754098
475,66,59,75,1.11864406779661,0.7866666666666666,0.88
476,72,64,64,1.125,1.0,1.125
477,52,64,84,0.8125,0.7619047619047619,0.6190476190476191
478,55,70,75,0.7857142857142857,0.9333333333333333,0.7333333333333333
479,70,71,59,0.9859154929577465,1.2033898305084745,1.1864406779661016
480,66,62,72,1.064516129032258,0.8611111111111112,0.9166666666666666
481,59,70,71,0.8428571428571429,0.9859154929577465,0.8309859154929577
482,67,71,62,0.9436619718309859,1.1451612903225807,1.0806451612903225
483,71,66,63,1.0757575757575757,1.0476190476190477,1.126984126984127
484,67,57,76,1.1754385964912282,0.75,0.881578947368421
485,74,65,61,1.1384615384615384,1.0655737704918034,1.2131147540983607
486,60,63,77,0.9523809523809523,0.8181818181818182,0.7792207792207793
487,63,67,70,0.9402985074626866,0.9571428571428572,0.9
488,65,64,71,1.015625,0.9014084507042254,0.9154929577464789
489,59,73,68,0.8082191780821918,1.0735294117647058,0.8676470588235294
490,71,67,62,1.0597014925373134,1.0806451612903225,1.1451612903225807
491,70,71,59,0.9859154929577465,1.2033898305084745,1.1864406779661016
492,62,68,70,0.9117647058823529,0.9714285714285714,0.8857142857142857
493,67,62,71,1.0806451612903225,0.8732394366197183,0.9436619718309859
494,79,55,66,1.4363636363636363,0.8333333333333334,1.196969696969697
495,67,68,65,0.9852941176470589,1.0461538461538462,1.0307692307692307
496,70,61,69,1.1475409836065573,0.8840579710144928,1.0144927536231885
497,76,72,52,1.0555555555555556,1.3846153846153846,1.4615384615384615
498,67,59,74,1.1355932203389831,0.7972972972972973,0.9054054054054054
499,73,60,67,1.2166666666666666,0.8955223880597015,1.0895522388059702
500,74,59,67,1.2542372881355932,0.8805970149253731,1.1044776119402986
501,66,71,63,0.9295774647887324,1.126984126984127,1.0476190476190477
502,65,61,74,1.0655737704918034,0.8243243243243243,0.8783783783783784
503,74,60,66,1.2333333333333334,0.9090909090909091,1.121212121212121
504,57,63,80,0.9047619047619048,0.7875,0.7125
505,71,66,63,1.0757575757575757,1.0476190476190477,1.126984126984127
506,61,64,75,0.953125,0.8533333333333334,0.8133333333333334
507,68,61,71,1.1147540983606556,0.8591549295774648,0.9577464788732394
508,68,66,66,1.0303030303030303,1.0,1.0303030303030303
509,63,73,64,0.863013698630137,1.140625,0.984375
510,59,79,62,0.7468354430379747,1.2741935483870968,0.9516129032258065
511,79,65,56,1.2153846153846153,1.1607142857142858,1.4107142857142858
512,75,64,61,1.171875,1.0491803278688525,1.2295081967213115
513,60,63,77,0.9523809523809523,0.8181818181818182,0.7792207792207793
514,64,62,74,1.032258064516129,0.8378378378378378,0.8648648648648649
515,65,69,66,0.9420289855072463,1.0454545454545454,0.9848484848484849
516,68,63,69,1.0793650793650793,0.9130434782608695,0.9855072463768116
517,72,63,65,1.1428571428571428,0.9692307692307692,1.1076923076923078
518,59,66,75,0.8939393939393939,0.88,0.7866666666666666
519,69,62,69,1.1129032258064515,0.8985507246376812,1.0
520,56,79,65,0.7088607594936709,1.2153846153846153,0.8615384615384616
521,63,77,60,0.8181818181818182,1.2833333333333334,1.05
522,58,75,67,0.7733333333333333,1.1194029850746268,0.8656716417910447
523,67,69,64,0.9710144927536232,1.078125,1.046875
524,59,66,75,0.8939393939393939,0.88,0.7866666666666666
525,60,70,70,0.8571428571428571,1.0,0.8571428571428571
526,55,69,76,0.7971014492753623,0.9078947368421053,0.7236842105263158
527,70,66,64,1.0606060606060606,1.03125,1.09375
528,45,70,85,0.6428571428571429,0.8235294117647058,0.5294117647058824
529,62,70,68,0.8857142857142857,1.0294117647058822,0.9117647058823529
530,70,66,64,1.0606060606060606,1.03125,1.09375
531,72,69,59,1.0434782608695652,1.1694915254237288,1.2203389830508475
532,62,69,69,0.8985507246376812,1.0,0.8985507246376812
533,68,65,67,1.0461538461538462,0.9701492537313433,1.0149253731343284
534,64,73,63,0.8767123287671232,1.1587301587301588,1.0158730158730158
535,65,71,64,0.9154929577464789,1.109375,1.015625
536,68,69,63,0.9855072463768116,1.0952380952380953,1.0793650793650793
537,73,52,75,1.4038461538461537,0.6933333333333334,0.9733333333333334
538,81,59,60,1.3728813559322033,0.9833333333333333,1.35
539,67,68,65,0.9852941176470589,1.0461538461538462,1.0307692307692307
540,72,66,62,1.0909090909090908,1.064516129032258,1.1612903225806452
541,69,61,70,1.1311475409836065,0.8714285714285714,0.9857142857142858
542,64,67,69,0.9552238805970149,0.9710144927536232,0.927536231884058
543,71,76,53,0.9342105263157895,1.4339622641509433,1.3396226415094339
544,62,71,67,0.8732394366197183,1.0597014925373134,0.9253731343283582
545,53,73,74,0.726027397260274,0.9864864864864865,0.7162162162162162
546,62,63,75,0.9841269841269841,0.84,0.8266666666666667
547,56,75,69,0.7466666666666667,1.0869565217391304,0.8115942028985508
548,75,50,75,1.5,0.6666666666666666,1.0
549,77,63,60,1.2222222222222223,1.05,1.2833333333333334
550,70,60,70,1.1666666666666667,0.8571428571428571,1.0
551,70,74,56,0.9459459459459459,1.3214285714285714,1.25
552,75,69,56,1.0869565217391304,1.2321428571428572,1.3392857142857142
553,73,58,69,1.2586206896551724,0.8405797101449275,1.0579710144927537
554,66,63,71,1.0476190476190477,0.8873239436619719,0.9295774647887324
555,75,58,67,1.293103448275862,0.8656716417910447,1.1194029850746268
556,80,61,59,1.3114754098360655,1.0338983050847457,1.3559322033898304
557,63,75,62,0.84,1.2096774193548387,1.0161290322580645
558,66,67,67,0.9850746268656716,1.0,0.9850746268656716
559,60,71,69,0.8450704225352113,1.0289855072463767,0.8695652173913043
560,64,65,71,0.9846153846153847,0.9154929577464789,0.9014084507042254
561,70,62,68,1.1290322580645162,0.9117647058823529,1.0294117647058822
562,67,69,64,0.9710144927536232,1.078125,1.046875
563,61,81,58,0.7530864197530864,1.396551724137931,1.0517241379310345
564,66,61,73,1.0819672131147542,0.8356164383561644,0.9041095890410958
565,65,64,71,1.015625,0.9014084507042254,0.9154929577464789
566,81,64,55,1.265625,1.1636363636363636,1.4727272727272727
567,72,60,68,1.2,0.8823529411764706,1.0588235294117647
568,80,65,55,1.2307692307692308,1.1818181818181819,1.4545454545454546
569,61,71,68,0.8591549295774648,1.0441176470588236,0.8970588235294118
570,54,71,75,0.7605633802816901,0.9466666666666667,0.72
571,65,66,69,0.9848484848484849,0.9565217391304348,0.9420289855072463
572,67,69,64,0.9710144927536232,1.078125,1.046875
573,65,58,77,1.1206896551724137,0.7532467532467533,0.8441558441558441
574,69,70,61,0.9857142857142858,1.1475409836065573,1.1311475409836065
575,75,58,67,1.293103448275862,0.8656716417910447,1.1194029850746268
576,65,51,84,1.2745098039215685,0.6071428571428571,0.7738095238095238
577,71,64,65,1.109375,0.9846153846153847,1.0923076923076922
578,57,76,67,0.75,1.1343283582089552,0.8507462686567164
579,66,62,72,1.064516129032258,0.8611111111111112,0.9166666666666666
580,73,63,64,1.1587301587301588,0.984375,1.140625
581,69,70,61,0.9857142857142858,1.1475409836065573,1.1311475409836065
582,58,63,79,0.9206349206349206,0.7974683544303798,0.7341772151898734
583,55,77,68,0.7142857142857143,1.1323529411764706,0.8088235294117647
584,76,50,74,1.52,0.6756756756756757,1.027027027027027
585,65,50,85,1.3,0.5882352941176471,0.7647058823529411
586,73,59,68,1.2372881355932204,0.8676470588235294,1.0735294117647058
587,67,65,68,1.0307692307692307,0.9558823529411765,0.9852941176470589
588,60,65,75,0.9230769230769231,0.8666666666666667,0.8
589,65,62,73,1.0483870967741935,0.8493150684931506,0.8904109589041096
590,68,62,70,1.096774193548387,0.8857142857142857,0.9714285714285714
591,73,68,59,1.0735294117647058,1.152542372881356,1.2372881355932204
592,66,71,63,0.9295774647887324,1.126984126984127,1.0476190476190477
593,74,58,68,1.2758620689655173,0.8529411764705882,1.088235294117647
594,70,63,67,1.1111111111111112,0.9402985074626866,1.044776119402985
595,68,66,66,1.0303030303030303,1.0,1.0303030303030303
596,67,55,78,1.2181818181818183,0.7051282051282052,0.8589743589743589
597,67,64,69,1.046875,0.927536231884058,0.9710144927536232
598,63,68,69,0.9264705882352942,0.9855072463768116,0.9130434782608695
599,64,73,63,0.8767123287671232,1.1587301587301588,1.0158730158730158
600,57,74,69,0.7702702702702703,1.0724637681159421,0.8260869565217391
601,53,82,65,0.6463414634146342,1.2615384615384615,0.8153846153846154
602,59,79,62,0.7468354430379747,1.2741935483870968,0.9516129032258065
603,62,68,70,0.9117647058823529,0.9714285714285714,0.8857142857142857
604,50,68,82,0.7352941176470589,0.8292682926829268,0.6097560975609756
605,64,71,65,0.9014084507042254,1.0923076923076922,0.9846153846153847
606,71,55,74,1.290909090909091,0.7432432432432432,0.9594594594594594
607,59,66,75,0.8939393939393939,0.88,0.7866666666666666
608,73,66,61,1.106060606060606,1.0819672131147542,1.1967213114754098
609,74,57,69,1.2982456140350878,0.8260869565217391,1.0724637681159421
610,68,67,65,1.0149253731343284,1.0307692307692307,1.0461538461538462
611,61,73,66,0.8356164383561644,1.106060606060606,0.9242424242424242
612,68,70,62,0.9714285714285714,1.1290322580645162,1.096774193548387
613,65,61,74,1.0655737704918034,0.8243243243243243,0.8783783783783784
614,66,68,66,0.9705882352941176,1.0303030303030303,1.0
615,56,66,78,0.8484848484848485,0.8461538461538461,0.717948717948718
616,64,64,72,1.0,0.8888888888888888,0.8888888888888888
617,62,66,72,0.9393939393939394,0.9166666666666666,0.8611111111111112
618,62,63,75,0.9841269841269841,0.84,0.8266666666666667
619,65,70,65,0.9285714285714286,1.0769230769230769,1.0
620,67,67,66,1.0,1.0151515151515151,1.0151515151515151
621,60,70,70,0.8571428571428571,1.0,0.8571428571428571
622,61,73,66,0.8356164383561644,1.106060606060606,0.9242424242424242
623,77,64,59,1.203125,1.0847457627118644,1.305084745762712
624,71,64,65,1.109375,0.9846153846153847,1.0923076923076922
625,59,69,72,0.855072463768116,0.9583333333333334,0.8194444444444444
626,67,66,67,1.0151515151515151,0.9850746268656716,1.0
627,66,66,68,1.0,0.9705882352941176,0.9705882352941176
628,59,75,66,0.7866666666666666,1.1363636363636365,0.8939393939393939
629,62,69,69,0.8985507246376812,1.0,0.8985507246376812
630,74,71,55,1.0422535211267605,1.290909090909091,1.3454545454545455
631,79,53,68,1.490566037735849,0.7794117647058824,1.161764705882353
632,62,66,72,0.9393939393939394,0.9166666666666666,0.8611111111111112
633,76,50,74,1.52,0.6756756756756757,1.027027027027027
634,73,71,56,1.028169014084507,1.2678571428571428,1.3035714285714286
635,63,72,65,0.875,1.1076923076923078,0.9692307692307692
636,67,69,64,0.9710144927536232,1.078125,1.046875
637,73,65,62,1.123076923076923,1.0483870967741935,1.1774193548387097
638,71,59,70,1.2033898305084745,0.8428571428571429,1.0142857142857142
639,65,74,61,0.8783783783783784,1.2131147540983607,1.0655737704918034
640,65,54,81,1.2037037037037037,0.6666666666666666,0.8024691358024691
641,67,61,72,1.098360655737705,0.8472222222222222,0.9305555555555556
642,53,64,83,0.828125,0.7710843373493976,0.6385542168674698
643,73,57,70,1.280701754385965,0.8142857142857143,1.042857142857143
644,58,67,75,0.8656716417910447,0.8933333333333333,0.7733333333333333
645,62,69,69,0.8985507246376812,1.0,0.8985507246376812
646,64,63,73,1.0158730158730158,0.863013698630137,0.8767123287671232
647,65,62,73,1.0483870967741935,0.8493150684931506,0.8904109589041096
648,81,66,53,1.2272727272727273,1.2452830188679245,1.528301886792453
649,84,60,56,1.4,1.0714285714285714,1.5
650,66,66,68,1.0,0.9705882352941176,0.9705882352941176
651,81,59,60,1.3728813559322033,0.9833333333333333,1.35
652,76,58,66,1.3103448275862069,0.8787878787878788,1.1515151515151516
653,77,66,57,1.1666666666666667,1.1578947368421053,1.3508771929824561
654,64,57,79,1.1228070175438596,0.7215189873417721,0.810126582278481
655,74,57,69,1.2982456140350878,0.8260869565217391,1.0724637681159421
656,76,57,67,1.3333333333333333,0.8507462686567164,1.1343283582089552
657,73,69,58,1.0579710144927537,1.1896551724137931,1.2586206896551724
658,73,55,72,1.3272727272727274,0.7638888888888888,1.0138888888888888
659,63,80,57,0.7875,1.4035087719298245,1.105263157894737
660,72,64,64,1.125,1.0,1.125
661,71,63,66,1.126984126984127,0.9545454545454546,1.0757575757575757
662,62,67,71,0.9253731343283582,0.9436619718309859,0.8732394366197183
663,57,68,75,0.8382352941176471,0.9066666666666666,0.76
664,64,62,74,1.032258064516129,0.8378378378378378,0.8648648648648649
665,58,78,64,0.7435897435897436,1.21875,0.90625
666,64,66,70,0.9696969696969697,0.9428571428571428,0.9142857142857143
667,72,52,76,1.3846153846153846,0.6842105263157895,0.9473684210526315
668,59,64,77,0.921875,0.8311688311688312,0.7662337662337663
669,61,73,66,0.8356164383561644,1.106060606060606,0.9242424242424242
670,63,74,63,0.8513513513513513,1.1746031746031746,1.0
671,71,53,76,1.3396226415094339,0.6973684210526315,0.9342105263157895
672,71,75,54,0.9466666666666667,1.3888888888888888,1.3148148148148149
673,67,71,62,0.9436619718309859,1.1451612903225807,1.0806451612903225
674,73,69,58,1.0579710144927537,1.1896551724137931,1.2586206896551724
675,66,68,66,0.9705882352941176,1.0303030303030303,1.0
676,66,60,74,1.1,0.8108108108108109,0.8918918918918919
677,72,66,62,1.0909090909090908,1.064516129032258,1.1612903225806452
678,67,65,68,1.0307692307692307,0.9558823529411765,0.9852941176470589
679,75,63,62,1.1904761904761905,1.0161290322580645,1.2096774193548387
680,64,73,63,0.8767123287671232,1.1587301587301588,1.0158730158730158
681,69,73,58,0.9452054794520548,1.2586206896551724,1.1896551724137931
682,65,67,68,0.9701492537313433,0.9852941176470589,0.9558823529411765
683,56,79,65,0.7088607594936709,1.2153846153846153,0.8615384615384616
684,69,63,68,1.0952380952380953,0.9264705882352942,1.0147058823529411
685,70,69,61,1.0144927536231885,1.1311475409836065,1.1475409836065573
686,69,68,63,1.0147058823529411,1.0793650793650793,1.0952380952380953
687,54,75,71,0.72,1.056338028169014,0.7605633802816901
688,64,71,65,0.9014084507042254,1.0923076923076922,0.9846153846153847
689,57,73,70,0.7808219178082192,1.042857142857143,0.8142857142857143
690,65,67,68,0.9701492537313433,0.9852941176470589,0.9558823529411765
691,63,68,69,0.9264705882352942,0.9855072463768116,0.9130434782608695
692,68,62,70,1.096774193548387,0.8857142857142857,0.9714285714285714
693,63,69,68,0.9130434782608695,1.0147058823529411,0.9264705882352942
694,69,71,60,0.971830985915493,1.1833333333333333,1.15
695,86,58,56,1.4827586206896552,1.0357142857142858,1.5357142857142858
696,72,62,66,1.1612903225806452,0.9393939393939394,1.0909090909090908
697,70,63,67,1.1111111111111112,0.9402985074626866,1.044776119402985
698,64,74,62,0.8648648648648649,1.1935483870967742,1.032258064516129
699,67,67,66,1.0,1.0151515151515151,1.0151515151515151
700,68,66,66,1.0303030303030303,1.0,1.0303030303030303
701,66,68,66,0.9705882352941176,1.0303030303030303,1.0
702,64,68,68,0.9411764705882353,1.0,0.9411764705882353
703,62,64,74,0.96875,0.8648648648648649,0.8378378378378378
704,67,65,68,1.0307692307692307,0.9558823529411765,0.9852941176470589
705,61,65,74,0.9384615384615385,0.8783783783783784,0.8243243243243243
706,67,64,69,1.046875,0.927536231884058,0.9710144927536232
707,57,73,70,0.7808219178082192,1.042857142857143,0.8142857142857143
708,61,71,68,0.8591549295774648,1.0441176470588236,0.8970588235294118
709,65,63,72,1.0317460317460319,0.875,0.9027777777777778
710,65,67,68,0.9701492537313433,0.9852941176470589,0.9558823529411765
711,65,61,74,1.0655737704918034,0.8243243243243243,0.8783783783783784
712,66,67,67,0.9850746268656716,1.0,0.9850746268656716
713,59,76,65,0.7763157894736842,1.1692307692307693,0.9076923076923077
714,67,66,67,1.0151515151515151,0.9850746268656716,1.0
715,57,67,76,0.8507462686567164,0.881578947368421,0.75
716,77,65,58,1.1846153846153846,1.1206896551724137,1.3275862068965518
717,74,68,58,1.088235294117647,1.1724137931034482,1.2758620689655173
718,74,68,58,1.088235294117647,1.1724137931034482,1.2758620689655173
719,60,74,66,0.8108108108108109,1.121212121212121,0.9090909090909091
720,65,57,78,1.1403508771929824,0.7307692307692307,0.8333333333333334
721,75,54,71,1.3888888888888888,0.7605633802816901,1.056338028169014
722,86,57,57,1.5087719298245614,1.0,1.5087719298245614
723,74,61,65,1.2131147540983607,0.9384615384615385,1.1384615384615384
724,63,70,67,0.9,1.044776119402985,0.9402985074626866
725,59,77,64,0.7662337662337663,1.203125,0.921875
726,67,55,78,1.2181818181818183,0.7051282051282052,0.8589743589743589
727,53,68,79,0.7794117647058824,0.8607594936708861,0.6708860759493671
728,68,62,70,1.096774193548387,0.8857142857142857,0.9714285714285714
729,59,75,66,0.7866666666666666,1.1363636363636365,0.8939393939393939
730,62,70,68,0.8857142857142857,1.0294117647058822,0.9117647058823529
731,59,72,69,0.8194444444444444,1.0434782608695652,0.855072463768116
732,69,68,63,1.0147058823529411,1.0793650793650793,1.0952380952380953
733,61,78,61,0.782051282051282,1.278688524590164,1.0
734,73,56,71,1.3035714285714286,0.7887323943661971,1.028169014084507
735,66,67,67,0.9850746268656716,1.0,0.9850746268656716
736,63,72,65,0.875,1.1076923076923078,0.9692307692307692
737,70,59,71,1.1864406779661016,0.8309859154929577,0.9859154929577465
738,63,67,70,0.9402985074626866,0.9571428571428572,0.9
739,69,47,84,1.4680851063829787,0.5595238095238095,0.8214285714285714
740,64,70,66,0.9142857142857143,1.0606060606060606,0.9696969696969697
741,58,65,77,0.8923076923076924,0.8441558441558441,0.7532467532467533
742,66,76,58,0.868421052631579,1.3103448275862069,1.1379310344827587
743,70,61,69,1.1475409836065573,0.8840579710144928,1.0144927536231885
744,70,76,54,0.9210526315789473,1.4074074074074074,1.2962962962962963
745,75,57,68,1.3157894736842106,0.8382352941176471,1.1029411764705883
746,70,69,61,1.0144927536231885,1.1311475409836065,1.1475409836065573
747,66,68,66,0.9705882352941176,1.0303030303030303,1.0
748,61,69,70,0.8840579710144928,0.9857142857142858,0.8714285714285714
749,62,67,71,0.9253731343283582,0.9436619718309859,0.8732394366197183
750,77,56,67,1.375,0.835820895522388,1.1492537313432836
751,62,63,75,0.9841269841269841,0.84,0.8266666666666667
752,77,59,64,1.305084745762712,0.921875,1.203125
753,61,75,64,0.8133333333333334,1.171875,0.953125
754,65,64,71,1.015625,0.9014084507042254,0.9154929577464789
755,58,64,78,0.90625,0.8205128205128205,0.7435897435897436
756,61,65,74,0.9384615384615385,0.8783783783783784,0.8243243243243243
757,71,55,74,1.290909090909091,0.7432432432432432,0.9594594594594594
758,58,71,71,0.8169014084507042,1.0,0.8169014084507042
759,64,69,67,0.927536231884058,1.0298507462686568,0.9552238805970149
760,68,73,59,0.9315068493150684,1.2372881355932204,1.152542372881356
761,66,61,73,1.0819672131147542,0.8356164383561644,0.9041095890410958
762,68,64,68,1.0625,0.9411764705882353,1.0
763,59,71,70,0.8309859154929577,1.0142857142857142,0.8428571428571429
764,67,67,66,1.0,1.0151515151515151,1.0151515151515151
765,71,69,60,1.0289855072463767,1.15,1.1833333333333333
766,67,67,66,1.0,1.0151515151515151,1.0151515151515151
767,69,69,62,1.0,1.1129032258064515,1.1129032258064515
768,74,59,67,1.2542372881355932,0.8805970149253731,1.1044776119402986
769,57,83,60,0.6867469879518072,1.3833333333333333,0.95
770,73,70,57,1.042857142857143,1.2280701754385965,1.280701754385965
771,61,71,68,0.8591549295774648,1.0441176470588236,0.8970588235294118
772,62,61,77,1.0163934426229508,0.7922077922077922,0.8051948051948052
773,77,65,58,1.1846153846153846,1.1206896551724137,1.3275862068965518
774,58,65,77,0.8923076923076924,0.8441558441558441,0.7532467532467533
775,64,67,69,0.9552238805970149,0.9710144927536232,0.927536231884058
776,59,74,67,0.7972972972972973,1.1044776119402986,0.8805970149253731
777,65,59,76,1.1016949152542372,0.7763157894736842,0.8552631578947368
778,64,64,72,1.0,0.8888888888888888,0.8888888888888888
779,68,63,69,1.0793650793650793,0.9130434782608695,0.9855072463768116
780,74,57,69,1.2982456140350878,0.8260869565217391,1.0724637681159421
781,63,74,63,0.8513513513513513,1.1746031746031746,1.0
782,73,65,62,1.123076923076923,1.0483870967741935,1.1774193548387097
783,70,69,61,1.0144927536231885,1.1311475409836065,1.1475409836065573
784,76,52,72,1.4615384615384615,0.7222222222222222,1.0555555555555556
785,70,69,61,1.0144927536231885,1.1311475409836065,1.1475409836065573
786,60,75,65,0.8,1.1538461538461537,0.9230769230769231
787,72,71,57,1.0140845070422535,1.2456140350877194,1.263157894736842
788,68,73,59,0.9315068493150684,1.2372881355932204,1.152542372881356
789,73,53,74,1.3773584905660377,0.7162162162162162,0.9864864864864865
790,78,67,55,1.164179104477612,1.2181818181818183,1.4181818181818182
791,80,67,53,1.1940298507462686,1.2641509433962264,1.509433962264151
792,72,62,66,1.1612903225806452,0.9393939393939394,1.0909090909090908
793,59,77,64,0.7662337662337663,1.203125,0.921875
794,69,74,57,0.9324324324324325,1.2982456140350878,1.2105263157894737
795,74,64,62,1.15625,1.032258064516129,1.1935483870967742
796,63,59,78,1.0677966101694916,0.7564102564102564,0.8076923076923077
797,59,72,69,0.8194444444444444,1.0434782608695652,0.855072463768116
798,66,67,67,0.9850746268656716,1.0,0.9850746268656716
799,75,59,66,1.271186440677966,0.8939393939393939,1.1363636363636365
800,81,57,62,1.4210526315789473,0.9193548387096774,1.3064516129032258
801,68,67,65,1.0149253731343284,1.0307692307692307,1.0461538461538462
802,68,65,67,1.0461538461538462,0.9701492537313433,1.0149253731343284
803,63,66,71,0.9545454545454546,0.9295774647887324,0.8873239436619719
804,62,75,63,0.8266666666666667,1.1904761904761905,0.9841269841269841
805,61,61,78,1.0,0.782051282051282,0.782051282051282
806,56,72,72,0.7777777777777778,1.0,0.7777777777777778
807,67,58,75,1.1551724137931034,0.7733333333333333,0.8933333333333333
808,68,63,69,1.0793650793650793,0.9130434782608695,0.9855072463768116
809,62,67,71,0.9253731343283582,0.9436619718309859,0.8732394366197183
810,79,60,61,1.3166666666666667,0.9836065573770492,1.2950819672131149
811,72,58,70,1.2413793103448276,0.8285714285714286,1.0285714285714285
812,61,60,79,1.0166666666666666,0.759493670886076,0.7721518987341772
813,78,54,68,1.4444444444444444,0.7941176470588235,1.1470588235294117
814,56,71,73,0.7887323943661971,0.9726027397260274,0.7671232876712328
815,64,60,76,1.0666666666666667,0.7894736842105263,0.8421052631578947
816,58,70,72,0.8285714285714286,0.9722222222222222,0.8055555555555556
817,68,61,71,1.1147540983606556,0.8591549295774648,0.9577464788732394
818,67,64,69,1.046875,0.927536231884058,0.9710144927536232
819,75,52,73,1.4423076923076923,0.7123287671232876,1.0273972602739727
820,64,63,73,1.0158730158730158,0.863013698630137,0.8767123287671232
821,71,56,73,1.2678571428571428,0.7671232876712328,0.9726027397260274
822,58,70,72,0.8285714285714286,0.9722222222222222,0.8055555555555556
823,65,71,64,0.9154929577464789,1.109375,1.015625
824,70,60,70,1.1666666666666667,0.8571428571428571,1.0
825,74,64,62,1.15625,1.032258064516129,1.1935483870967742
826,63,72,65,0.875,1.1076923076923078,0.9692307692307692
827,74,63,63,1.1746031746031746,1.0,1.1746031746031746
828,62,79,59,0.7848101265822784,1.3389830508474576,1.0508474576271187
829,80,71,49,1.1267605633802817,1.4489795918367347,1.6326530612244898
830,62,71,67,0.8732394366197183,1.0597014925373134,0.9253731343283582
831,60,63,77,0.9523809523809523,0.8181818181818182,0.7792207792207793
832,69,75,56,0.92,1.3392857142857142,1.2321428571428572
833,70,59,71,1.1864406779661016,0.8309859154929577,0.9859154929577465
834,58,71,71,0.8169014084507042,1.0,0.8169014084507042
835,68,72,60,0.9444444444444444,1.2,1.1333333333333333
836,56,76,68,0.7368421052631579,1.1176470588235294,0.8235294117647058
837,55,76,69,0.7236842105263158,1.1014492753623188,0.7971014492753623
838,66,66,68,1.0,0.9705882352941176,0.9705882352941176
839,47,78,75,0.6025641025641025,1.04,0.6266666666666667
840,74,54,72,1.3703703703703705,0.75,1.0277777777777777
841,67,67,66,1.0,1.0151515151515151,1.0151515151515151
842,75,66,59,1.1363636363636365,1.11864406779661,1.271186440677966
843,58,60,82,0.9666666666666667,0.7317073170731707,0.7073170731707317
844,75,76,49,0.9868421052631579,1.5510204081632653,1.530612244897959
845,54,70,76,0.7714285714285715,0.9210526315789473,0.7105263157894737
846,69,65,66,1.0615384615384615,0.9848484848484849,1.0454545454545454
847,69,59,72,1.1694915254237288,0.8194444444444444,0.9583333333333334
848,76,56,68,1.3571428571428572,0.8235294117647058,1.1176470588235294
849,79,49,72,1.6122448979591837,0.6805555555555556,1.0972222222222223
850,70,74,56,0.9459459459459459,1.3214285714285714,1.25
851,47,72,81,0.6527777777777778,0.8888888888888888,0.5802469135802469
852,66,63,71,1.0476190476190477,0.8873239436619719,0.9295774647887324
853,72,63,65,1.1428571428571428,0.9692307692307692,1.1076923076923078
854,61,69,70,0.8840579710144928,0.9857142857142858,0.8714285714285714
855,68,71,61,0.9577464788732394,1.1639344262295082,1.1147540983606556
856,63,71,66,0.8873239436619719,1.0757575757575757,0.9545454545454546
857,56,50,94,1.12,0.5319148936170213,0.5957446808510638
858,66,65,69,1.0153846153846153,0.9420289855072463,0.9565217391304348
859,70,68,62,1.0294117647058822,1.096774193548387,1.1290322580645162
860,66,71,63,0.9295774647887324,1.126984126984127,1.0476190476190477
861,59,58,83,1.0172413793103448,0.6987951807228916,0.7108433734939759
862,71,58,71,1.2241379310344827,0.8169014084507042,1.0
863,66,62,72,1.064516129032258,0.8611111111111112,0.9166666666666666
864,67,72,61,0.9305555555555556,1.180327868852459,1.098360655737705
865,64,78,58,0.8205128205128205,1.3448275862068966,1.103448275862069
866,69,62,69,1.1129032258064515,0.8985507246376812,1.0
867,75,68,57,1.1029411764705883,1.1929824561403508,1.3157894736842106
868,66,67,67,0.9850746268656716,1.0,0.9850746268656716
869,68,65,67,1.0461538461538462,0.9701492537313433,1.0149253731343284
870,54,82,64,0.6585365853658537,1.28125,0.84375
871,60,79,61,0.759493670886076,1.2950819672131149,0.9836065573770492
872,64,63,73,1.0158730158730158,0.863013698630137,0.8767123287671232
873,76,62,62,1.2258064516129032,1.0,1.2258064516129032
874,59,80,61,0.7375,1.3114754098360655,0.9672131147540983
875,71,71,58,1.0,1.2241379310344827,1.2241379310344827
876,79,60,61,1.3166666666666667,0.9836065573770492,1.2950819672131149
877,76,70,54,1.0857142857142856,1.2962962962962963,1.4074074074074074
878,73,64,63,1.140625,1.0158730158730158,1.1587301587301588
879,75,68,57,1.1029411764705883,1.1929824561403508,1.3157894736842106
880,64,68,68,0.9411764705882353,1.0,0.9411764705882353
881,69,69,62,1.0,1.1129032258064515,1.1129032258064515
882,55,74,71,0.7432432432432432,1.0422535211267605,0.7746478873239436
883,69,81,50,0.8518518518518519,1.62,1.38
884,68,71,61,0.9577464788732394,1.1639344262295082,1.1147540983606556
885,75,62,63,1.2096774193548387,0.9841269841269841,1.1904761904761905
886,74,68,58,1.088235294117647,1.1724137931034482,1.2758620689655173
887,80,56,64,1.4285714285714286,0.875,1.25
888,68,66,66,1.0303030303030303,1.0,1.0303030303030303
889,62,67,71,0.9253731343283582,0.9436619718309859,0.8732394366197183
890,67,58,75,1.1551724137931034,0.7733333333333333,0.8933333333333333
891,61,70,69,0.8714285714285714,1.0144927536231885,0.8840579710144928
892,61,70,69,0.8714285714285714,1.0144927536231885,0.8840579710144928
893,58,71,71,0.8169014084507042,1.0,0.8169014084507042
894,69,67,64,1.0298507462686568,1.046875,1.078125
895,71,65,64,1.0923076923076922,1.015625,1.109375
896,71,56,73,1.2678571428571428,0.7671232876712328,0.9726027397260274
897,67,63,70,1.0634920634920635,0.9,0.9571428571428572
898,62,78,60,0.7948717948717948,1.3,1.0333333333333334
899,75,63,62,1.1904761904761905,1.0161290322580645,1.2096774193548387
900,63,68,69,0.9264705882352942,0.9855072463768116,0.9130434782608695
901,61,70,69,0.8714285714285714,1.0144927536231885,0.8840579710144928
902,61,80,59,0.7625,1.3559322033898304,1.0338983050847457
903,61,68,71,0.8970588235294118,0.9577464788732394,0.8591549295774648
904,64,73,63,0.8767123287671232,1.1587301587301588,1.0158730158730158
905,64,68,68,0.9411764705882353,1.0,0.9411764705882353
906,73,53,74,1.3773584905660377,0.7162162162162162,0.9864864864864865
907,62,68,70,0.9117647058823529,0.9714285714285714,0.8857142857142857
908,66,74,60,0.8918918918918919,1.2333333333333334,1.1
909,69,67,64,1.0298507462686568,1.046875,1.078125
910,71,54,75,1.3148148148148149,0.72,0.9466666666666667
911,82,62,56,1.3225806451612903,1.1071428571428572,1.4642857142857142
912,56,83,61,0.6746987951807228,1.360655737704918,0.9180327868852459
913,67,62,71,1.0806451612903225,0.8732394366197183,0.9436619718309859
914,63,60,77,1.05,0.7792207792207793,0.8181818181818182
915,73,70,57,1.042857142857143,1.2280701754385965,1.280701754385965
916,74,61,65,1.2131147540983607,0.9384615384615385,1.1384615384615384
917,64,74,62,0.8648648648648649,1.1935483870967742,1.032258064516129
918,67,75,58,0.8933333333333333,1.293103448275862,1.1551724137931034
919,77,58,65,1.3275862068965518,0.8923076923076924,1.1846153846153846
920,71,62,67,1.1451612903225807,0.9253731343283582,1.0597014925373134
921,79,56,65,1.4107142857142858,0.8615384615384616,1.2153846153846153
922,70,65,65,1.0769230769230769,1.0,1.0769230769230769
923,83,52,65,1.5961538461538463,0.8,1.2769230769230768
924,70,63,67,1.1111111111111112,0.9402985074626866,1.044776119402985
925,65,73,62,0.8904109589041096,1.1774193548387097,1.0483870967741935
926,68,66,66,1.0303030303030303,1.0,1.0303030303030303
927,65,73,62,0.8904109589041096,1.1774193548387097,1.0483870967741935
928,66,67,67,0.9850746268656716,1.0,0.9850746268656716
929,77,55,68,1.4,0.8088235294117647,1.1323529411764706
930,62,68,70,0.9117647058823529,0.9714285714285714,0.8857142857142857
931,69,72,59,0.9583333333333334,1.2203389830508475,1.1694915254237288
932,78,59,63,1.3220338983050848,0.9365079365079365,1.2380952380952381
933,66,66,68,1.0,0.9705882352941176,0.9705882352941176
934,67,66,67,1.0151515151515151,0.9850746268656716,1.0
935,61,71,68,0.8591549295774648,1.0441176470588236,0.8970588235294118
936,58,64,78,0.90625,0.8205128205128205,0.7435897435897436
937,68,64,68,1.0625,0.9411764705882353,1.0
938,63,61,76,1.0327868852459017,0.8026315789473685,0.8289473684210527
939,61,64,75,0.953125,0.8533333333333334,0.8133333333333334
940,74,63,63,1.1746031746031746,1.0,1.1746031746031746
941,63,77,60,0.8181818181818182,1.2833333333333334,1.05
942,67,78,55,0.8589743589743589,1.4181818181818182,1.2181818181818183
943,56,68,76,0.8235294117647058,0.8947368421052632,0.7368421052631579
944,71,71,58,1.0,1.2241379310344827,1.2241379310344827
945,66,59,75,1.11864406779661,0.7866666666666666,0.88
946,67,71,62,0.9436619718309859,1.1451612903225807,1.0806451612903225
947,68,66,66,1.0303030303030303,1.0,1.0303030303030303
948,70,77,53,0.9090909090909091,1.4528301886792452,1.320754716981132
949,70,70,60,1.0,1.1666666666666667,1.1666666666666667
950,66,80,54,0.825,1.4814814814814814,1.2222222222222223
951,62,63,75,0.9841269841269841,0.84,0.8266666666666667
952,69,64,67,1.078125,0.9552238805970149,1.0298507462686568
953,66,69,65,0.9565217391304348,1.0615384615384615,1.0153846153846153
954,73,61,66,1.1967213114754098,0.9242424242424242,1.106060606060606
955,63,66,71,0.9545454545454546,0.9295774647887324,0.8873239436619719
956,61,70,69,0.8714285714285714,1.0144927536231885,0.8840579710144928
957,59,71,70,0.8309859154929577,1.0142857142857142,0.8428571428571429
958,73,75,52,0.9733333333333334,1.4423076923076923,1.4038461538461537
959,74,54,72,1.3703703703703705,0.75,1.0277777777777777
960,65,67,68,0.9701492537313433,0.9852941176470589,0.9558823529411765
961,75,62,63,1.2096774193548387,0.9841269841269841,1.1904761904761905
962,64,65,71,0.9846153846153847,0.9154929577464789,0.9014084507042254
963,68,61,71,1.1147540983606556,0.8591549295774648,0.9577464788732394
964,57,73,70,0.7808219178082192,1.042857142857143,0.8142857142857143
965,57,78,65,0.7307692307692307,1.2,0.8769230769230769
966,67,66,67,1.0151515151515151,0.9850746268656716,1.0
967,84,61,55,1.3770491803278688,1.1090909090909091,1.5272727272727273
968,69,71,60,0.971830985915493,1.1833333333333333,1.15
969,73,76,51,0.9605263157894737,1.4901960784313726,1.4313725490196079
970,58,75,67,0.7733333333333333,1.1194029850746268,0.8656716417910447
971,72,63,65,1.1428571428571428,0.9692307692307692,1.1076923076923078
972,57,69,74,0.8260869565217391,0.9324324324324325,0.7702702702702703
973,65,53,82,1.2264150943396226,0.6463414634146342,0.7926829268292683
974,62,60,78,1.0333333333333334,0.7692307692307693,0.7948717948717948
975,77,67,56,1.1492537313432836,1.1964285714285714,1.375
976,66,76,58,0.868421052631579,1.3103448275862069,1.1379310344827587
977,59,82,59,0.7195121951219512,1.3898305084745763,1.0
978,69,58,73,1.1896551724137931,0.7945205479452054,0.9452054794520548
979,65,65,70,1.0,0.9285714285714286,0.9285714285714286
980,70,62,68,1.1290322580645162,0.9117647058823529,1.0294117647058822
981,57,76,67,0.75,1.1343283582089552,0.8507462686567164
982,68,67,65,1.0149253731343284,1.0307692307692307,1.0461538461538462
983,64,69,67,0.927536231884058,1.0298507462686568,0.9552238805970149
984,66,72,62,0.9166666666666666,1.1612903225806452,1.064516129032258
985,65,64,71,1.015625,0.9014084507042254,0.9154929577464789
986,68,63,69,1.0793650793650793,0.9130434782608695,0.9855072463768116
987,68,81,51,0.8395061728395061,1.588235294117647,1.3333333333333333
988,53,81,66,0.654320987654321,1.2272727272727273,0.803030303030303
989,67,75,58,0.8933333333333333,1.293103448275862,1.1551724137931034
990,73,59,68,1.2372881355932204,0.8676470588235294,1.0735294117647058
991,64,63,73,1.0158730158730158,0.863013698630137,0.8767123287671232
992,63,62,75,1.0161290322580645,0.8266666666666667,0.84
993,57,70,73,0.8142857142857143,0.958904109589041,0.7808219178082192
994,69,74,57,0.9324324324324325,1.2982456140350878,1.2105263157894737
995,67,71,62,0.9436619718309859,1.1451612903225807,1.0806451612903225
996,76,71,53,1.0704225352112675,1.3396226415094339,1.4339622641509433
997,79,67,54,1.1791044776119404,1.2407407407407407,1.462962962962963
998,77,70,53,1.1,1.320754716981132,1.4528301886792452
999,55,73,72,0.7534246575342466,1.0138888888888888,0.7638888888888888
